text_id	suddenness	familiarity	predict_event	pleasantness	unpleasantness	goal_relevance	chance_responsblt	self_responsblt	other_responsblt	predict_conseq	goal_support	urgency	self_control	other_control	chance_control	accept_conseq	standards	social_norms	attention	not_consider	effort
21	0	1	1	1	1	0	1	1	0	1	0	1	1	0	1	0	1	1	0	1	1
23	0	1	1	1	0	0	0	1	0	1	1	0	1	1	1	1	0	0	0	1	0
26	0	1	1	1	0	0	1	1	0	1	1	1	1	0	1	1	0	0	0	0	0
30	0	1	1	1	1	1	1	1	0	1	1	0	1	0	1	1	1	0	0	0	0
39	1	1	0	1	0	0	1	1	0	1	1	1	1	0	1	1	0	1	1	1	0
47	0	1	1	1	0	1	1	1	0	1	1	0	1	0	1	1	0	0	0	0	0
60	1	0	1	1	0	1	0	1	1	1	1	1	1	0	0	1	0	1	0	0	0
68	0	1	0	1	0	1	1	1	0	1	1	1	1	0	1	1	0	0	0	1	0
69	1	1	1	1	1	0	1	1	0	1	1	0	1	0	1	0	0	1	0	1	0
71	1	0	0	1	1	1	1	0	1	0	1	1	1	1	1	1	1	1	1	1	1
74	0	1	1	1	0	1	0	1	0	1	1	1	1	0	0	1	1	1	1	1	1
81	1	0	1	1	0	1	1	0	1	1	1	1	0	1	1	1	1	1	1	1	1
84	1	1	0	1	0	1	1	1	0	0	1	1	1	0	1	1	0	1	1	1	0
86	1	0	1	0	1	0	1	0	0	0	0	0	0	1	0	1	1	1	0	1	0
89	1	1	1	1	1	0	1	0	1	0	1	1	1	0	1	0	1	1	0	1	1
90	0	1	1	1	0	1	1	1	0	1	1	1	1	0	1	1	0	1	0	0	0
93	0	0	1	1	0	1	1	1	0	1	1	1	1	0	1	1	0	0	0	0	0
96	1	0	0	1	0	1	1	0	1	0	1	1	0	1	1	0	0	1	1	0	1
99	1	0	0	1	0	1	1	0	1	0	1	1	0	1	1	0	0	1	0	0	1
213	1	0	1	1	0	0	1	0	1	0	1	1	0	1	1	1	0	1	0	1	0
220	1	0	0	1	1	1	1	0	1	0	1	1	1	1	1	0	1	1	1	1	1
224	1	0	1	1	0	1	0	1	0	1	1	1	1	1	0	1	0	1	1	0	1
228	1	1	1	1	1	1	1	0	1	1	1	1	1	0	1	0	1	1	0	1	1
230	1	0	0	1	1	1	1	0	1	0	1	1	1	1	1	0	1	1	0	1	1
249	1	1	1	1	0	1	1	1	0	1	1	0	1	0	1	1	0	0	0	0	0
253	1	0	1	1	1	1	1	1	0	1	1	1	1	0	1	1	1	1	1	1	1
255	0	1	1	1	0	1	0	1	0	1	1	0	0	1	1	0	1	1	0	0	1
256	0	1	1	1	0	1	0	1	1	1	1	0	0	1	0	1	1	1	0	1	1
261	0	1	1	1	1	1	1	1	0	1	1	1	1	0	1	0	0	0	0	1	0
271	1	0	0	0	1	0	1	0	1	0	0	1	0	0	1	0	1	1	1	1	1
272	1	1	0	1	1	1	1	0	1	0	0	1	0	1	1	0	1	1	0	1	1
276	1	1	1	1	1	0	0	1	1	1	1	0	1	1	0	1	1	1	0	1	0
280	1	0	0	1	1	1	1	0	1	0	1	1	0	1	1	1	0	1	1	0	1
281	0	1	1	1	1	1	1	0	1	1	1	1	1	0	1	1	0	1	1	0	0
287	1	1	1	0	1	1	1	1	0	1	0	1	1	0	1	0	1	1	1	1	1
289	0	1	1	0	1	0	1	1	0	1	0	1	1	0	1	0	1	1	0	1	1
294	1	1	1	0	1	0	1	0	1	0	0	1	0	1	1	0	1	1	1	1	1
299	0	0	0	1	1	1	1	1	1	0	1	0	1	1	1	0	1	1	1	1	1
313	0	0	0	1	0	1	0	0	1	1	1	1	1	1	0	1	0	1	0	0	0
314	0	1	1	1	0	1	1	1	0	1	1	1	1	0	1	1	0	1	0	0	0
315	0	1	1	1	0	1	0	1	0	1	1	0	1	0	0	1	1	1	1	0	0
323	0	1	1	1	0	0	0	1	0	1	1	0	1	0	1	1	0	0	0	1	0
340	0	0	1	1	1	0	1	1	0	1	1	0	1	0	1	1	1	1	1	1	1
347	1	0	1	1	0	1	1	1	0	1	1	1	1	0	1	1	0	1	0	0	0
348	0	0	0	1	0	1	1	1	0	1	1	0	1	0	1	1	0	0	0	0	0
349	0	1	1	1	0	0	1	1	0	0	1	0	1	0	1	1	0	1	0	0	0
352	0	1	1	1	0	0	1	1	0	1	1	1	1	0	1	1	0	1	1	0	0
358	0	1	1	1	0	0	0	1	0	1	1	0	1	0	1	1	0	0	0	0	0
363	1	0	0	1	0	1	1	1	0	1	1	1	1	0	1	1	0	1	1	0	1
367	0	1	1	1	0	0	1	1	0	1	1	0	1	0	1	1	0	0	0	0	0
378	0	1	1	1	0	1	1	1	0	1	1	0	1	0	1	1	0	0	0	0	0
381	0	1	1	1	0	0	0	0	0	1	1	0	1	1	1	1	0	1	0	0	0
382	1	1	0	1	0	1	1	1	0	0	1	1	1	0	1	0	0	0	1	0	1
387	0	1	1	1	0	0	1	0	1	1	1	0	1	1	1	0	1	1	0	0	1
393	1	1	1	1	0	0	1	1	0	1	1	1	1	0	1	1	0	1	1	0	0
399	0	1	1	1	0	1	1	1	1	1	1	1	1	1	0	0	0	1	0	1	1
410	1	1	1	0	1	1	1	1	0	1	1	1	1	0	1	1	1	1	0	1	0
414	0	1	1	1	0	0	0	1	1	1	1	0	1	1	0	1	1	1	0	1	0
417	0	1	1	1	0	0	1	1	0	1	1	0	1	0	1	1	0	1	0	0	0
428	0	1	1	1	0	1	1	1	0	1	1	1	1	0	1	1	0	1	1	0	1
429	0	1	1	1	0	0	1	1	0	1	1	0	1	0	1	1	0	0	0	0	0
437	0	0	1	1	0	1	1	1	0	1	1	0	1	0	1	1	0	0	0	0	1
438	1	0	1	1	0	0	1	1	0	1	1	1	1	0	1	1	0	1	0	0	0
439	0	1	1	1	1	1	1	1	0	1	1	0	1	0	1	1	0	1	0	1	1
441	0	1	1	1	0	0	1	1	0	0	1	0	1	0	1	1	0	0	0	0	0
449	0	1	1	1	0	1	1	1	0	1	1	0	0	0	1	1	0	1	1	0	0
454	1	0	0	1	0	1	1	0	0	0	1	1	1	1	1	0	0	1	1	0	1
458	0	1	1	1	1	0	1	1	0	1	1	0	1	0	1	1	0	0	0	1	0
466	0	1	1	1	0	0	1	1	0	1	1	0	1	0	1	0	1	1	0	1	0
468	1	1	1	1	0	0	1	1	0	1	1	0	1	0	1	1	0	0	0	0	0
476	0	1	1	1	0	0	1	1	0	1	1	0	1	0	1	1	0	0	0	0	0
479	1	1	1	1	0	1	1	1	0	1	1	1	1	0	1	1	0	0	0	1	1
481	0	1	1	1	0	1	1	1	0	1	1	0	1	0	1	0	0	1	0	0	1
494	0	0	1	1	0	1	1	1	0	1	1	1	1	0	1	1	0	0	0	0	1
495	1	0	0	1	0	1	1	0	1	0	1	1	1	1	0	0	1	1	1	0	1
510	1	0	0	1	1	0	1	1	0	0	1	0	1	0	1	0	1	1	0	1	1
517	0	1	1	1	0	0	1	1	0	1	1	1	1	0	1	1	1	0	0	1	1
521	0	0	1	1	0	1	1	1	0	1	1	0	1	0	1	1	0	1	1	1	0
525	0	1	1	1	0	0	1	1	0	1	1	0	1	0	1	1	0	0	0	0	0
548	0	1	1	1	0	0	1	1	0	1	1	1	1	0	1	1	0	1	0	0	0
553	0	1	1	1	0	1	1	1	0	1	1	0	1	0	1	1	0	1	0	1	0
559	1	1	0	1	0	1	1	0	1	0	1	0	1	1	1	0	0	1	1	1	1
560	1	0	0	1	0	1	1	0	1	1	1	1	1	1	1	0	0	1	0	1	0
562	0	0	1	1	0	0	0	1	1	1	1	0	1	0	0	1	0	1	1	0	1
564	0	1	1	1	1	1	1	1	0	1	1	1	1	0	1	0	0	1	0	1	1
583	1	0	1	1	0	1	1	0	1	1	1	1	1	0	1	0	0	1	0	0	0
588	0	1	1	1	0	0	1	1	0	0	1	0	0	0	1	1	0	1	0	0	0
589	1	1	1	1	0	1	1	1	0	1	1	0	1	0	1	1	0	0	1	1	0
594	0	1	1	1	0	0	0	1	1	1	1	0	1	1	0	1	1	1	0	0	0
612	1	1	1	1	0	1	1	1	0	1	1	0	1	0	1	1	0	0	0	0	0
614	1	0	0	1	0	1	1	1	0	1	1	1	1	0	1	1	0	0	0	0	0
617	0	1	1	1	0	0	1	1	0	1	1	0	1	0	1	0	0	0	0	0	0
620	0	1	1	1	0	1	1	1	0	1	1	0	1	0	1	1	0	1	0	0	1
623	1	1	1	1	0	0	1	1	0	1	1	1	1	0	1	1	0	0	0	0	0
628	1	1	1	1	0	0	1	1	0	1	1	1	1	0	1	0	0	1	1	1	0
641	1	1	1	1	0	0	1	0	0	0	1	1	1	0	1	1	0	1	1	0	1
657	1	0	0	1	1	1	1	1	0	0	1	1	1	1	1	1	0	1	1	1	1
670	0	1	1	1	0	0	1	1	1	1	1	0	1	0	1	1	0	0	0	0	0
678	1	1	1	1	0	0	1	1	0	0	1	1	1	0	1	0	0	1	1	0	0
686	1	1	0	0	1	0	1	0	1	0	0	0	0	1	1	0	0	1	0	1	0
689	1	1	0	1	0	1	1	0	1	1	1	1	1	0	1	0	0	1	0	0	1
690	1	1	1	1	0	0	1	1	0	1	1	1	1	0	1	1	0	1	0	0	0
697	1	1	0	1	0	1	1	1	0	0	1	1	1	1	1	1	1	1	0	1	1
711	1	0	0	1	1	1	1	0	1	1	1	1	0	1	1	1	1	1	1	1	1
713	1	0	0	1	1	1	1	1	0	1	1	1	1	1	1	0	0	1	1	1	1
720	1	0	0	1	0	0	1	1	0	1	1	1	1	0	1	1	0	1	0	1	0
726	1	0	0	1	1	1	1	0	1	0	1	1	1	1	1	0	1	1	0	1	1
734	1	0	0	1	0	1	1	0	1	0	1	1	0	1	1	0	0	1	1	0	1
736	1	0	0	1	0	1	1	0	1	0	1	1	1	0	1	1	1	1	1	1	1
740	1	1	0	1	1	1	1	1	0	0	0	1	1	0	1	0	1	1	0	1	1
743	0	1	0	1	0	1	0	1	1	1	1	0	1	1	0	1	0	1	1	0	0
744	1	0	1	1	0	1	1	1	1	1	1	1	1	1	1	0	1	1	0	1	1
745	0	1	0	1	0	1	0	1	1	1	1	1	1	1	0	1	1	1	1	0	1
751	0	1	1	1	0	1	1	1	0	1	1	0	1	0	1	1	0	0	0	0	0
762	1	0	0	1	1	0	1	0	1	0	1	1	1	1	1	1	1	1	0	1	0
764	1	1	0	1	1	0	1	0	1	0	0	0	1	0	1	0	1	1	0	1	0
781	1	1	1	0	1	1	1	1	0	1	0	1	1	0	1	0	0	1	1	1	1
783	0	1	1	0	1	0	1	1	0	1	0	1	0	0	1	0	1	1	0	1	1
784	1	1	1	0	1	0	0	1	0	1	0	0	0	1	0	1	1	1	0	1	1
786	0	0	1	0	1	1	1	1	0	1	0	1	0	0	1	0	1	1	1	1	1
787	1	0	1	1	0	0	0	1	1	1	0	0	0	0	1	1	1	1	0	1	1
797	1	1	0	0	1	1	1	0	1	0	0	1	1	1	1	0	1	1	0	1	1
815	0	1	1	1	0	1	0	1	1	1	1	0	1	1	0	1	1	1	0	1	0
816	1	1	1	1	1	0	1	1	0	0	1	1	1	0	1	1	0	1	0	0	0
822	1	1	1	1	0	0	0	0	1	1	1	1	1	0	1	1	0	1	0	0	0
825	1	1	0	1	0	0	1	0	1	0	0	1	1	1	1	1	0	1	1	1	0
910	1	0	0	1	1	1	1	0	0	0	1	0	1	1	1	0	1	1	1	1	1
912	0	0	1	1	0	0	1	1	0	1	1	0	1	0	1	1	0	0	0	0	0
915	1	0	1	1	0	1	1	1	0	1	1	0	1	0	1	1	0	1	0	0	0
916	0	1	1	0	1	1	1	1	0	1	0	1	1	0	1	0	1	1	1	1	1
922	1	0	0	0	1	0	1	0	1	1	0	1	0	0	1	1	1	1	0	1	0
923	1	1	0	0	1	1	1	1	0	1	0	1	0	0	1	0	1	1	1	1	1
2105	1	1	0	0	0	0	1	0	1	0	0	1	0	1	1	0	1	1	1	1	1
2109	1	1	1	1	0	0	0	1	1	1	1	0	1	1	0	1	1	1	0	1	0
2115	1	0	0	1	1	1	1	0	1	0	0	1	0	1	1	0	1	1	1	1	1
2117	1	0	0	1	0	1	1	1	0	0	1	1	0	0	1	0	1	1	0	1	0
2118	1	0	0	1	1	1	0	0	0	1	1	1	0	1	1	0	1	1	1	0	1
2120	1	1	0	0	0	0	1	0	1	0	0	1	1	1	1	1	1	1	1	1	1
2129	1	0	1	0	1	1	1	0	0	1	0	1	0	1	1	0	1	1	0	1	1
2134	1	1	1	0	1	0	1	0	0	0	0	0	1	0	1	0	1	1	0	1	1
2138	0	1	1	1	1	0	1	0	1	0	1	1	0	0	1	0	1	1	0	1	1
2142	1	1	0	0	1	0	0	1	1	0	0	0	1	1	0	1	1	1	0	1	0
2143	1	1	0	0	1	1	1	0	1	1	0	1	0	1	1	0	1	1	1	1	1
2144	1	1	0	1	1	0	1	0	1	0	0	1	1	1	1	0	1	1	0	1	1
2145	1	1	1	0	1	0	1	0	1	0	0	1	0	0	1	0	1	1	0	1	1
2158	1	1	1	1	1	0	1	1	1	1	1	1	1	0	1	1	1	1	0	1	1
2161	1	1	0	0	1	0	1	0	1	0	0	1	0	1	1	0	1	1	1	1	1
2163	1	1	1	1	0	0	0	1	1	1	1	0	1	1	0	1	1	1	0	0	0
2168	1	0	0	1	0	1	1	0	1	0	1	0	0	0	1	0	0	0	0	0	0
2169	1	1	1	1	0	0	0	1	1	1	1	0	1	1	0	1	1	1	0	0	0
2172	1	1	1	1	0	0	0	1	1	1	1	0	1	1	0	1	1	1	0	0	0
2179	0	1	1	1	0	0	0	1	1	0	1	0	1	1	0	1	0	1	0	0	0
2180	1	1	0	1	0	0	1	0	1	0	1	1	0	1	1	0	0	1	0	0	0
2182	0	0	0	1	0	1	1	1	0	1	1	0	1	0	1	1	0	1	1	0	0
2187	0	0	0	1	0	1	1	1	0	1	1	0	1	0	1	1	0	1	1	0	0
2193	1	1	1	1	1	0	0	0	1	1	1	0	1	1	1	1	1	1	0	0	1
2194	1	1	1	0	1	1	1	1	0	1	0	1	1	0	1	0	1	1	0	1	1
2195	1	1	1	1	1	1	1	0	1	0	0	1	0	1	1	0	1	1	0	1	0
2198	0	1	1	0	1	1	1	1	0	0	1	1	1	0	1	0	1	1	1	1	1
2210	1	1	1	0	1	0	0	0	1	1	0	0	0	0	1	0	1	1	1	1	0
2211	1	0	1	1	1	1	1	0	1	0	0	0	1	0	1	0	1	1	0	1	1
2212	1	0	0	0	1	1	1	1	1	0	1	1	1	1	1	0	1	1	1	1	1
2213	1	1	1	0	1	0	1	1	0	1	0	1	1	0	0	1	1	1	0	1	1
2218	1	1	1	0	1	0	1	0	1	0	0	0	0	0	1	0	1	1	0	1	1
2224	1	1	0	1	1	1	1	0	0	0	0	1	1	0	1	1	1	1	1	1	0
2225	1	1	1	1	1	0	1	0	0	1	1	0	0	0	1	1	0	0	0	0	0
2226	1	1	0	1	1	0	1	0	1	0	0	0	0	0	1	0	1	1	0	1	1
2227	1	0	0	0	1	1	1	0	1	1	0	1	0	0	1	0	1	1	0	1	0
2228	1	1	0	1	0	0	0	0	0	1	0	0	0	1	1	1	1	1	0	1	1
2230	0	1	1	1	1	1	0	1	1	1	1	0	1	1	0	1	1	1	0	1	0
2231	1	0	1	0	1	0	1	1	0	0	0	1	1	0	1	1	1	1	0	1	1
3107	1	0	0	1	1	0	1	1	0	1	1	1	1	0	1	0	0	1	0	1	0
3113	0	1	1	1	0	0	0	1	0	1	1	0	1	0	1	1	0	0	0	1	0
3117	0	1	1	1	0	0	1	1	0	0	1	0	0	0	1	1	0	1	0	0	0
3118	0	1	1	1	0	0	0	1	0	1	1	0	1	0	1	1	0	0	0	1	1
3131	1	0	0	1	0	1	1	0	1	0	1	1	1	0	1	0	0	1	0	0	1
3137	1	0	0	1	1	1	1	0	1	0	1	1	1	1	1	1	1	1	1	1	1
3138	1	1	1	1	0	1	1	1	0	1	1	1	1	0	1	1	1	1	1	1	1
3140	1	0	0	1	0	1	1	0	1	0	1	1	0	1	1	1	0	1	1	0	1
3143	1	0	0	1	0	1	1	0	1	0	1	1	0	1	1	0	0	1	1	1	1
3150	1	0	0	1	1	0	1	0	1	0	0	1	1	1	1	0	1	1	0	1	1
3157	0	1	0	1	1	1	0	1	1	1	1	1	1	1	0	1	1	1	1	1	1
3159	1	0	0	1	0	1	1	0	1	1	1	1	1	1	1	0	0	1	1	1	1
3170	0	1	1	1	0	0	0	1	1	1	1	0	1	1	0	1	1	1	1	0	0
3187	1	0	0	1	1	1	1	1	0	0	1	1	1	0	1	0	1	1	0	1	1
3189	1	1	0	1	0	1	1	1	1	1	1	1	1	1	1	0	0	1	1	1	1
3192	1	0	0	1	1	1	1	0	1	1	1	1	1	1	1	0	0	1	1	1	1
3195	1	0	0	1	1	1	1	0	1	0	1	1	0	0	1	0	1	1	1	1	1
3207	1	0	0	1	0	1	1	1	0	0	1	1	1	1	1	1	1	1	0	1	1
3211	1	0	0	1	0	1	0	1	1	0	1	1	1	1	0	1	1	1	0	1	1
3214	1	0	0	1	0	1	1	1	1	1	1	1	1	1	1	0	0	1	1	1	1
3220	0	1	1	1	0	1	1	1	0	1	1	1	1	1	1	1	1	1	1	1	1
3223	1	0	0	1	0	1	1	0	1	0	1	0	0	1	1	0	0	1	0	1	0
3225	1	1	0	1	1	1	1	0	1	0	1	1	1	1	1	1	1	1	1	1	1
3231	0	1	0	1	0	0	0	1	1	1	1	1	1	0	1	1	0	0	0	0	0
3233	1	1	0	1	1	1	1	0	0	0	1	1	1	0	1	1	1	1	1	1	1
3237	1	0	0	1	1	1	1	1	1	1	1	1	0	1	0	1	1	1	1	1	1
3248	1	0	0	1	0	1	1	1	0	1	1	0	1	0	1	1	1	1	1	1	1
3254	0	0	1	1	0	1	0	1	1	1	1	1	1	1	0	1	1	1	0	0	1
3260	0	1	1	1	0	0	1	1	0	1	1	0	1	0	1	1	0	0	0	1	1
3263	1	0	1	1	1	1	1	1	0	1	1	1	1	0	1	1	0	0	1	0	0
3264	0	1	1	1	0	0	1	1	0	1	1	0	1	0	1	1	0	0	0	0	0
3267	1	1	1	1	0	1	1	1	0	1	1	1	1	1	1	1	0	0	0	1	0
3272	0	1	1	1	0	1	1	1	0	1	1	0	1	0	1	1	0	0	0	0	0
3274	0	1	1	1	0	1	1	1	0	1	1	0	1	1	1	0	0	0	1	1	1
3283	1	1	1	1	1	1	1	1	0	0	1	1	1	0	0	1	0	1	0	1	1
3285	0	1	1	1	1	1	1	1	0	1	1	1	1	0	1	0	0	1	1	0	1
3287	1	1	1	1	0	1	1	1	0	1	1	0	1	0	1	1	0	1	0	0	0
3290	0	1	1	1	0	1	0	1	1	1	1	0	1	1	0	1	1	1	0	1	1
3292	1	1	1	1	0	1	0	1	0	1	1	1	1	0	1	1	1	1	1	0	1
3302	1	1	0	0	1	1	1	1	0	1	1	1	0	0	0	0	1	1	0	1	1
3315	1	1	1	1	1	0	1	0	1	1	0	1	1	0	1	0	0	1	0	1	0
3319	0	1	1	1	0	1	1	0	1	1	1	0	0	1	1	0	1	1	1	1	1
3320	1	0	0	1	0	1	1	1	0	0	1	1	1	0	1	0	0	1	0	0	0
3321	1	1	1	1	0	1	1	1	0	1	1	1	1	0	1	1	0	1	1	1	1
3325	1	0	1	1	1	1	1	0	1	0	1	1	0	0	1	0	1	1	0	0	1
3328	0	1	0	1	0	1	1	0	1	1	1	1	0	1	1	0	1	1	1	1	1
3338	1	0	1	1	0	1	1	1	0	1	1	0	1	0	1	1	0	0	1	1	1
3339	1	1	1	1	0	0	0	1	1	1	1	0	1	1	0	1	1	1	1	0	0
3344	0	1	1	1	0	1	0	1	0	1	1	0	1	0	1	1	0	0	0	0	1
3347	0	1	1	1	0	1	0	1	0	1	1	0	1	1	1	1	1	0	1	0	1
3348	0	0	1	1	1	1	1	1	0	1	1	1	1	0	1	0	1	1	0	1	1
3360	1	1	1	1	1	1	1	1	0	0	1	1	1	1	1	0	1	1	1	0	1
3361	0	1	1	1	0	1	0	1	1	1	1	1	1	1	1	1	1	1	0	1	0
3366	1	1	1	1	0	0	0	1	1	1	1	0	1	1	0	1	1	1	0	0	0
3370	0	1	1	1	0	0	0	1	0	1	1	0	1	0	1	1	0	0	0	0	0
3373	0	1	1	1	0	0	0	1	0	1	1	0	1	0	0	1	1	1	0	0	0
3378	1	1	0	1	1	1	0	1	1	1	1	0	1	1	0	1	1	1	1	1	1
3399	0	1	1	1	0	0	0	1	1	1	1	0	1	0	0	1	1	1	0	1	0
3401	0	1	1	1	0	1	1	1	1	1	1	0	1	1	0	1	1	1	0	0	1
3404	0	1	1	1	0	0	0	1	1	1	1	0	1	0	1	1	1	1	0	0	0
3414	0	1	1	1	0	0	1	1	0	1	1	0	1	0	1	1	0	0	0	1	0
3422	0	0	1	1	0	1	1	1	0	0	1	0	1	0	1	1	0	0	0	0	1
3423	0	1	1	1	0	1	1	1	0	1	1	0	1	0	1	1	0	0	0	0	0
3426	0	1	1	1	0	0	1	1	0	1	1	0	1	0	1	1	0	0	0	1	0
3427	1	0	1	1	0	0	0	1	1	1	1	0	1	0	1	1	1	1	0	0	0
3431	0	1	0	1	0	1	1	1	1	1	1	0	1	1	1	1	1	1	0	0	0
3436	0	1	1	1	0	1	1	1	0	1	1	0	1	0	1	1	0	0	0	0	0
3437	1	1	1	1	0	1	1	1	0	1	1	1	1	1	1	1	1	1	1	0	1
3440	1	1	1	1	0	1	1	0	1	0	1	0	1	1	1	0	0	1	1	0	1
3442	0	1	1	1	0	0	0	1	1	1	1	0	1	1	0	1	1	1	0	1	0
3443	1	1	1	0	1	0	1	1	1	1	1	1	1	0	0	1	1	0	0	1	1
3450	0	1	1	1	0	0	0	0	1	1	1	0	1	1	0	1	1	0	0	1	0
3451	0	1	1	1	0	1	0	1	1	1	1	1	1	1	0	1	0	1	1	1	1
3462	1	1	1	1	0	1	1	1	0	1	1	1	1	0	1	1	0	0	0	1	0
3467	1	1	1	1	1	0	1	0	0	1	0	0	1	0	1	0	1	1	0	1	1
3469	0	1	1	1	0	0	0	1	0	1	1	0	1	0	1	1	0	0	0	0	0
3474	1	1	1	1	0	1	0	1	1	1	1	0	1	0	0	1	0	1	1	0	1
3480	1	0	0	1	0	1	1	0	1	0	1	1	0	1	1	0	0	1	1	0	0
3481	1	0	0	1	0	1	1	0	1	0	1	1	0	1	1	1	0	1	1	0	1
3492	0	1	1	1	0	0	0	1	0	1	1	0	1	0	0	1	0	1	0	1	0
3493	1	1	0	1	0	0	1	0	0	1	1	1	0	0	1	1	0	0	1	0	0
3498	1	1	0	1	0	1	0	1	1	0	1	1	1	1	0	1	1	1	0	0	0
3502	1	1	1	1	0	0	1	0	1	0	1	0	0	1	1	1	0	1	0	0	0
3514	1	1	1	1	0	0	1	1	1	0	1	0	0	0	1	1	0	0	0	0	0
3519	1	1	1	1	1	1	1	0	1	1	0	1	0	1	1	0	1	1	0	1	1
3522	1	0	0	1	0	1	1	0	1	0	1	1	1	1	1	0	0	1	1	0	1
3523	1	1	0	1	0	1	1	0	1	1	1	1	1	0	1	1	1	1	1	1	1
3525	0	0	1	1	0	1	1	1	0	1	0	1	1	0	1	0	0	1	1	1	1
3528	1	1	0	1	1	0	1	1	0	1	1	1	1	1	1	1	0	1	1	0	0
3533	1	1	1	1	0	1	1	1	1	1	1	1	1	1	1	1	0	1	0	0	0
3536	0	1	1	0	1	0	1	0	1	1	0	1	1	0	0	0	1	1	0	1	1
3538	1	1	1	0	1	0	1	0	1	0	0	1	0	0	1	0	1	1	0	1	0
3542	1	1	1	0	1	0	0	0	0	1	0	0	1	0	0	1	1	1	0	1	1
3546	1	1	0	0	1	0	1	0	1	0	0	1	1	0	1	0	1	1	1	1	1
3576	0	1	1	0	1	0	1	1	0	1	0	0	1	0	1	0	1	1	0	1	1
3579	1	1	0	0	1	1	1	0	1	0	0	0	0	1	1	0	1	1	0	1	0
3584	1	0	0	0	1	1	1	0	1	0	0	1	0	1	1	0	1	1	1	1	1
3586	1	1	0	0	1	1	1	0	1	1	0	0	0	1	1	1	1	1	0	1	0
3587	1	1	1	0	1	0	1	1	0	0	0	0	0	0	1	0	1	1	0	1	1
3589	1	1	0	0	1	0	1	0	0	0	0	0	0	0	1	0	1	1	0	1	0
3601	1	1	0	0	1	1	1	1	0	0	0	0	0	0	1	0	1	1	1	1	1
3603	1	1	1	0	1	0	1	0	1	1	0	1	1	1	1	0	1	1	0	1	1
3604	1	1	0	0	1	0	1	0	0	0	0	1	1	0	1	0	1	1	0	1	1
3605	1	1	1	1	1	0	1	0	1	0	0	0	0	0	1	0	1	1	0	1	1
3612	1	1	0	0	1	1	0	0	0	0	0	0	0	1	0	0	1	1	0	1	0
3615	1	0	1	0	1	1	1	0	0	1	0	1	1	0	1	1	1	1	1	1	1
3618	1	1	1	0	1	0	1	0	0	0	0	0	0	0	1	0	1	1	0	1	1
3620	1	0	1	0	1	1	1	0	1	1	0	1	0	1	1	0	1	1	1	1	1
3639	1	1	0	1	1	0	1	0	1	0	0	1	1	0	1	0	1	1	1	1	0
3641	1	1	1	0	1	0	1	0	1	1	0	0	0	0	1	0	1	1	0	1	1
3644	1	0	0	1	1	1	1	1	0	0	1	1	1	0	1	0	1	1	1	1	1
3645	1	1	1	1	1	0	1	0	1	1	0	1	1	0	1	0	1	1	1	1	0
3647	1	1	0	0	1	1	1	0	1	0	0	1	0	1	1	0	1	1	1	1	1
3649	1	1	0	0	1	0	1	0	1	0	0	1	0	1	1	0	1	1	0	1	0
3651	1	0	0	0	1	1	1	0	1	0	0	1	0	1	1	0	1	1	1	1	1
3662	1	1	1	0	1	0	1	1	0	1	0	0	1	0	0	0	1	1	1	1	0
3672	1	0	0	1	1	1	1	1	1	0	1	1	1	1	1	0	1	1	0	1	1
3676	1	0	0	1	1	1	1	0	1	0	0	1	1	1	1	1	1	1	0	1	1
3686	1	0	0	1	1	1	1	0	1	1	0	1	0	1	1	0	1	1	0	1	1
3687	1	0	0	0	1	1	1	1	0	1	0	1	0	0	1	0	1	1	0	1	1
3697	1	0	0	1	0	1	1	0	1	0	1	1	0	1	1	0	0	1	1	1	1
3701	0	0	0	1	0	1	1	0	0	1	1	1	1	0	1	1	0	1	0	0	0
3704	1	0	0	0	1	1	1	0	1	1	0	1	1	1	1	0	1	1	1	0	1
3706	0	1	1	1	0	1	0	1	0	1	1	1	1	1	0	1	1	1	0	0	1
3708	1	0	0	1	1	1	1	0	1	0	1	1	0	1	1	0	1	1	1	1	1
3709	1	1	0	1	1	1	1	0	0	1	1	1	1	1	1	0	1	1	1	1	1
3710	0	1	1	1	0	1	0	1	0	1	1	0	1	0	0	1	0	0	0	1	0
3712	1	1	0	0	1	1	1	1	0	1	0	1	1	0	1	0	1	1	0	1	1
3725	1	1	0	1	1	1	1	0	0	0	1	0	1	1	1	1	1	1	0	1	0
3726	1	1	1	1	1	1	1	1	0	1	1	0	1	0	1	0	0	1	0	1	0
3733	1	0	0	1	1	1	1	0	1	0	1	1	0	1	1	0	1	1	0	1	1
3734	0	1	1	1	0	0	0	1	1	1	1	1	1	1	0	1	1	1	0	0	0
3737	1	1	1	1	0	0	0	1	1	0	1	0	1	1	0	1	0	1	0	0	0
3748	1	0	0	1	1	1	1	0	1	0	0	0	1	1	1	0	1	1	1	1	1
3773	1	0	0	1	1	1	1	0	1	0	1	1	0	1	1	0	1	1	0	1	1
3779	1	1	0	0	1	0	1	0	1	0	0	1	0	1	1	0	1	1	1	1	1
3797	1	1	0	0	1	1	1	1	0	0	0	1	0	0	1	0	1	1	0	1	1
3804	1	1	1	0	1	0	1	0	1	1	0	1	1	1	1	1	1	1	0	1	1
3811	1	1	0	0	1	0	1	1	0	0	0	1	1	0	1	0	1	1	0	1	1
3816	1	0	1	0	1	1	1	0	1	0	1	1	0	1	1	0	1	1	0	1	1
3819	1	1	0	0	1	0	1	0	1	0	0	1	1	0	1	0	1	1	0	1	0
3827	1	1	0	0	1	0	1	0	1	0	0	1	1	0	1	0	1	1	1	1	1
3830	1	1	0	0	1	1	1	0	1	0	0	1	1	0	1	0	1	1	0	1	1
3833	0	0	1	1	0	1	1	1	0	1	1	0	0	0	1	1	0	1	0	0	0
3836	1	0	1	1	1	1	1	1	0	1	1	0	1	0	0	1	0	1	0	1	0
3850	1	1	0	0	1	1	1	0	1	1	0	1	0	1	1	0	1	1	0	1	0
3857	0	1	1	1	1	1	1	1	0	1	1	0	1	0	1	1	1	1	1	1	1
3859	1	0	0	0	1	0	1	0	0	1	1	1	1	0	1	1	1	1	0	1	0
3864	1	1	1	0	1	1	1	1	0	1	1	0	1	0	1	0	1	1	0	1	1
3866	1	1	0	1	1	1	1	1	1	1	1	0	1	0	1	0	1	1	0	1	0
3868	1	1	1	0	1	0	1	0	1	0	0	1	1	0	1	0	1	1	0	1	1
3873	1	0	0	1	1	1	1	1	0	1	1	1	1	0	1	1	1	1	0	1	1
3882	1	1	1	0	1	0	1	0	1	0	0	1	1	0	1	0	1	1	1	1	1
3884	1	1	1	0	1	1	1	0	0	1	0	1	1	0	1	0	1	1	0	1	1
3887	1	1	1	0	1	0	1	0	1	0	0	0	0	0	1	1	1	1	0	1	0
3890	0	1	1	1	0	0	0	1	0	1	1	0	1	1	0	1	1	1	0	1	0
3893	1	0	0	1	1	0	1	0	1	0	0	1	1	0	1	1	1	1	1	1	1
3919	1	1	1	1	1	0	0	0	1	0	0	0	1	1	1	1	1	1	1	0	0
3923	1	1	1	0	1	0	1	0	1	0	0	1	0	0	1	0	1	1	1	1	0
3926	1	0	1	0	1	1	1	0	1	0	0	1	0	1	1	0	1	1	1	1	1
3934	1	1	1	0	1	0	0	1	1	0	0	0	1	0	0	1	0	1	0	1	0
3936	1	1	0	0	1	0	1	0	1	0	0	1	1	1	1	0	1	1	0	1	0
3937	0	1	1	0	1	0	0	1	0	1	1	0	1	1	1	1	1	1	0	1	0
3942	0	1	1	0	1	0	0	0	0	1	0	0	1	0	1	0	1	1	0	1	0
3944	0	0	1	0	1	0	1	0	1	0	1	1	1	0	1	0	1	1	1	1	1
3948	1	1	1	1	1	0	0	1	1	1	1	1	1	1	0	1	1	1	1	0	1
3964	0	1	1	1	1	0	1	0	1	1	1	1	0	0	1	1	1	1	0	1	0
3966	1	0	0	1	0	1	0	1	1	1	1	1	1	0	1	1	0	1	0	1	1
3969	0	1	1	1	0	0	1	1	0	1	1	0	1	0	1	1	0	0	0	1	0
3973	1	1	1	1	1	0	1	0	1	1	1	0	0	1	1	0	1	1	0	1	0
3975	1	1	1	0	1	0	1	0	1	0	0	0	0	0	1	0	1	1	0	1	1
3983	1	0	0	0	1	1	1	0	1	1	0	1	0	0	1	1	1	1	0	1	1
3991	1	0	0	0	1	1	1	0	1	0	0	1	0	1	1	0	1	1	1	1	1
3998	1	1	0	0	1	1	1	0	1	0	1	1	1	0	1	0	1	1	1	1	1
4117	0	0	1	1	0	0	1	0	1	0	1	1	0	1	1	0	1	1	1	0	1
4146	0	1	1	1	0	1	1	1	0	1	1	1	1	0	1	0	0	0	1	1	1
4150	0	1	1	0	1	1	1	1	0	1	0	1	1	0	1	1	0	0	1	1	0
4151	0	1	1	1	0	1	1	1	0	1	1	0	1	1	1	1	1	0	0	0	0
4155	0	1	1	1	0	0	1	1	0	0	1	1	1	0	1	1	1	1	0	1	0
4163	1	0	0	1	1	1	1	0	1	0	1	1	1	1	1	0	1	1	1	1	1
4165	1	1	0	0	1	0	0	0	0	0	0	0	0	0	0	0	1	1	0	1	0
4170	1	0	0	1	1	1	1	0	1	0	1	1	1	1	1	0	1	1	1	1	1
4174	1	0	0	1	0	1	1	1	0	0	1	1	1	0	1	1	1	1	1	1	1
4213	1	0	0	1	0	1	1	0	1	0	0	0	0	1	1	0	1	1	0	1	1
4215	0	1	0	1	0	1	1	1	0	1	1	1	1	0	1	0	1	1	1	0	1
4217	1	0	0	1	0	0	1	0	1	0	1	1	1	0	1	0	1	1	1	1	0
4254	1	1	0	1	0	1	1	1	0	0	1	1	1	0	1	0	1	1	1	1	1
4269	1	0	0	1	0	1	1	0	1	0	1	1	0	1	1	0	0	1	1	1	0
4281	1	0	0	1	1	1	1	0	1	1	1	1	0	1	1	0	0	1	1	0	1
4288	1	1	0	1	0	1	1	0	1	1	1	1	1	1	1	1	1	1	1	1	1
4290	1	0	0	1	0	1	1	1	1	0	1	1	0	1	1	1	0	1	1	0	1
4304	1	0	0	1	1	1	1	1	1	0	1	1	1	1	1	0	1	1	1	1	1
4306	1	1	0	1	0	1	1	0	0	0	1	1	1	0	1	0	1	1	0	1	1
4317	1	0	0	1	0	1	1	0	1	0	1	1	1	1	0	1	0	1	1	1	1
4327	0	1	1	1	0	0	1	1	0	1	1	1	1	0	1	1	0	1	1	0	0
4337	1	1	1	1	0	0	1	1	0	1	1	1	1	0	1	0	0	0	0	0	1
4343	1	1	0	1	0	1	1	1	0	1	1	1	1	0	1	1	0	1	0	0	0
4348	1	0	1	1	0	1	1	1	0	1	1	1	1	0	1	1	0	1	0	0	0
4364	0	1	1	1	0	0	1	1	0	1	1	0	1	0	1	1	0	0	0	0	0
4387	1	1	1	1	0	0	1	1	0	1	1	1	1	0	1	1	0	1	1	0	1
4400	0	1	1	1	0	1	0	1	0	1	1	0	1	1	0	1	1	1	1	0	1
4408	0	1	1	1	0	1	1	1	0	1	1	0	0	0	1	1	0	1	0	0	0
4410	1	0	1	1	0	1	1	1	0	1	1	1	1	0	1	1	0	1	0	0	0
4431	0	1	1	1	0	1	0	1	1	1	1	1	1	1	0	1	0	0	1	0	1
4454	0	1	1	1	0	1	0	1	0	1	1	0	1	1	1	1	0	1	0	0	1
4461	0	1	1	1	0	0	1	1	0	1	1	0	1	0	1	1	0	0	0	1	0
4475	1	0	1	1	0	0	1	1	0	1	1	0	1	0	1	1	0	1	1	1	0
4490	0	1	1	1	0	0	0	1	0	1	1	0	1	1	0	1	1	1	0	0	0
4496	0	1	1	1	0	1	0	0	1	1	1	0	1	1	0	1	0	1	0	0	0
4497	0	1	1	1	0	1	0	1	1	1	1	1	1	1	0	1	1	1	1	1	1
4504	0	1	1	1	0	0	0	1	1	0	1	0	1	0	1	1	1	1	0	0	0
4510	0	1	1	1	0	1	1	1	0	1	1	1	1	0	1	1	0	0	1	0	1
4517	0	1	1	1	0	0	0	1	0	1	1	0	1	0	0	1	0	0	0	0	0
4519	1	1	0	1	1	0	0	1	1	0	1	0	1	1	0	1	1	1	0	0	1
4538	0	1	1	1	0	1	0	1	1	1	1	0	1	1	0	1	1	1	0	0	0
4539	0	1	1	1	0	0	0	0	1	1	1	0	0	1	1	1	1	1	0	1	0
4571	0	0	1	1	0	0	1	1	0	1	1	0	1	0	1	1	0	0	0	0	0
4573	1	1	0	1	0	1	1	1	0	1	1	1	1	0	1	0	0	1	1	0	0
4579	0	1	1	1	0	0	1	1	0	1	1	0	0	0	1	1	0	0	0	0	0
4582	1	1	1	1	0	1	1	1	0	1	1	1	1	0	1	1	1	1	0	0	0
4583	0	1	1	1	0	1	1	1	0	1	1	1	1	0	1	1	0	0	1	0	1
4592	0	1	1	0	1	1	1	1	1	0	1	1	1	1	1	1	1	1	0	0	1
4594	0	1	1	1	0	1	1	1	0	1	1	1	1	0	1	1	0	1	1	0	0
4600	1	0	1	1	0	1	1	0	1	0	1	0	1	1	0	1	0	1	0	0	0
4609	0	1	1	1	0	0	0	1	0	1	1	0	1	1	1	1	1	0	0	1	0
4633	0	1	1	1	0	0	0	1	1	1	1	0	1	1	0	1	0	1	0	0	0
4636	0	1	1	1	0	1	1	1	0	1	1	0	1	0	1	0	0	1	0	0	0
4639	1	1	1	1	0	0	1	0	1	0	1	0	1	0	1	0	0	1	0	0	0
4649	1	0	0	0	1	1	1	0	1	0	0	1	0	1	1	0	1	1	1	1	1
4655	0	1	1	1	0	1	0	0	1	1	1	0	1	1	1	0	0	1	0	0	1
4659	0	0	0	1	1	1	1	0	1	0	1	0	0	1	1	1	1	1	0	1	0
4666	0	1	1	1	0	1	1	1	0	1	1	0	1	0	1	1	0	1	0	0	0
4671	0	1	1	1	0	1	1	0	1	1	1	0	1	0	1	1	0	1	0	0	0
4692	1	1	1	1	0	0	1	0	1	1	1	1	0	0	1	1	0	1	0	0	0
4706	1	0	0	1	0	0	1	0	1	0	1	0	0	0	1	1	0	0	0	0	0
4745	1	1	0	0	1	1	1	0	1	1	0	1	1	1	1	1	1	1	0	1	1
4759	1	0	0	0	1	1	1	0	1	0	0	1	0	1	1	0	1	1	0	1	0
4763	1	1	0	0	1	0	1	1	1	0	0	0	0	1	1	1	1	1	0	1	1
4768	0	1	0	0	1	1	1	1	0	1	0	1	0	0	1	0	1	1	1	1	1
4773	0	1	0	1	1	0	1	1	0	1	1	1	1	0	1	0	1	1	1	1	0
4778	1	1	1	0	1	0	0	1	1	0	0	0	1	0	0	1	1	1	0	0	0
4780	1	1	0	0	1	0	1	0	1	1	0	1	1	0	1	0	1	1	0	1	0
4802	1	0	0	0	1	1	1	1	0	0	1	1	1	0	1	0	1	1	1	1	1
4804	1	1	0	0	1	1	1	1	0	0	0	1	0	0	1	0	1	1	0	1	1
4814	1	1	1	0	1	0	1	0	1	1	0	1	0	1	1	0	1	1	0	1	1
4817	1	1	1	0	1	0	1	1	0	0	0	1	1	0	1	0	1	1	1	1	1
4821	1	1	1	0	1	1	1	0	1	1	1	0	1	0	1	1	1	1	0	1	1
4842	1	1	0	0	1	1	1	0	1	0	0	1	0	1	1	0	1	1	0	1	1
4868	1	0	0	1	1	1	1	0	1	0	1	1	0	1	1	0	1	1	0	1	1
4874	1	1	0	0	1	0	1	0	1	0	0	1	0	0	0	0	1	1	0	1	1
4904	0	1	1	1	0	1	0	1	1	1	1	0	1	1	0	1	0	1	0	0	0
4925	1	1	1	1	1	0	1	1	1	1	1	1	1	0	1	1	0	1	0	0	0
4928	1	0	1	1	0	0	1	0	1	1	1	1	1	1	1	0	0	1	0	0	1
4929	1	1	0	1	1	1	1	0	1	0	1	1	0	1	1	0	1	1	1	1	1
4930	1	1	1	1	0	1	0	1	0	1	1	0	1	0	0	1	0	1	1	0	0
4940	1	0	0	1	1	0	1	0	1	0	0	1	1	0	1	0	1	1	0	1	0
4943	0	1	1	1	0	0	1	1	0	0	1	0	1	0	1	1	0	1	0	0	0
4976	0	1	1	1	0	0	0	1	1	1	1	1	1	1	0	1	1	1	0	0	0
4981	1	0	0	1	1	1	1	0	1	0	1	1	0	1	1	0	1	1	0	1	1
4987	1	1	0	0	1	0	1	0	1	0	0	1	1	1	1	0	1	1	0	1	0
5103	1	0	1	1	0	1	1	1	0	1	1	0	1	0	1	0	0	1	0	0	1
5105	1	0	0	1	0	1	1	1	0	0	1	1	1	0	1	1	1	1	1	1	1
5109	0	1	1	1	0	0	0	0	0	1	1	0	1	0	1	0	1	1	1	0	0
5123	0	1	0	1	0	0	0	0	1	1	1	1	1	1	1	1	0	1	1	0	0
5130	1	1	1	1	0	0	1	1	0	1	1	1	1	0	1	1	0	1	0	0	0
5145	1	1	0	1	1	1	1	1	0	1	1	0	1	0	1	1	0	1	0	0	1
5149	1	0	0	1	0	1	1	1	0	1	1	1	0	0	1	1	0	1	0	0	0
5158	0	1	1	1	0	1	1	1	0	1	1	0	1	0	1	0	0	0	0	1	1
5166	0	1	1	1	0	0	1	1	0	1	0	1	1	0	1	0	0	1	0	0	1
5189	1	1	0	1	0	0	1	1	0	1	1	1	1	1	1	0	0	1	1	1	1
5206	1	0	1	1	0	1	1	1	0	1	1	0	1	0	1	1	0	1	0	0	0
5208	1	1	1	1	0	0	1	1	0	1	1	0	1	0	0	1	0	1	0	1	0
5210	1	1	1	1	0	1	1	1	0	1	1	0	1	0	1	1	0	1	1	0	1
5225	1	0	1	1	0	0	1	1	0	1	1	1	1	0	1	0	0	1	1	1	1
5238	1	1	1	1	0	0	1	1	0	1	1	1	0	0	1	1	1	1	1	0	1
5240	1	0	0	1	0	1	1	0	1	0	1	1	1	1	1	1	1	1	1	1	1
5243	1	1	1	1	1	1	1	1	0	1	1	1	1	0	1	0	0	1	1	1	1
5247	1	0	0	1	0	1	1	0	1	0	1	1	0	1	1	0	1	1	0	1	1
5254	1	0	0	1	0	1	1	1	1	0	1	1	0	0	1	0	1	1	0	1	1
5257	1	1	1	1	0	1	0	1	0	1	1	1	1	0	0	1	1	1	1	1	1
5263	1	0	0	1	0	1	1	0	0	0	1	1	1	0	1	0	1	1	0	1	1
5276	1	0	0	1	0	1	1	0	1	0	0	1	1	1	1	0	0	1	1	1	1
5284	1	1	1	1	0	1	1	1	0	1	1	1	1	1	1	1	0	1	1	1	1
5298	1	0	0	1	1	1	1	1	0	1	1	1	1	0	1	0	1	1	1	1	1
5306	1	1	0	1	1	1	1	0	1	0	1	1	1	1	1	0	1	1	1	1	1
5307	1	1	0	1	0	1	0	1	1	1	1	1	1	1	1	1	0	1	1	1	1
5329	1	0	0	1	0	1	1	0	1	1	1	1	0	1	1	0	0	1	1	0	1
5339	1	0	0	1	0	0	1	0	1	0	0	1	1	0	0	1	1	1	1	1	1
5341	1	0	0	1	0	1	1	0	0	0	1	1	1	1	1	1	0	1	0	0	0
5356	1	0	1	1	0	1	1	0	1	0	1	1	0	1	1	1	0	1	1	1	1
5361	1	0	1	1	0	1	1	0	1	1	0	1	1	0	1	0	1	1	1	1	1
5371	1	0	0	1	1	0	1	0	1	0	0	0	0	0	1	0	1	1	0	1	0
5382	1	0	0	1	1	1	1	1	0	1	1	1	1	0	1	1	1	1	1	1	1
5388	0	1	1	1	0	0	1	1	1	1	1	0	1	1	0	1	0	1	0	1	0
5389	1	1	0	1	0	1	1	0	0	1	1	1	1	0	1	1	0	1	0	0	0
5413	1	0	0	1	0	1	1	0	1	1	1	1	0	1	1	1	0	1	1	0	1
5420	0	0	1	1	0	1	0	1	1	1	1	1	1	1	1	1	1	1	0	1	1
5454	1	0	0	1	0	1	1	0	1	0	1	1	0	0	1	0	0	1	1	0	1
5456	0	1	1	1	0	1	0	1	0	1	1	1	1	0	0	1	1	1	1	0	1
5471	1	0	0	1	1	1	1	1	1	0	1	1	1	0	1	1	1	1	1	1	1
5481	1	1	0	1	0	1	0	1	0	1	1	1	1	0	0	1	0	1	1	1	1
5502	0	1	1	1	0	1	0	1	0	1	1	0	1	0	1	0	1	1	1	0	1
5515	0	1	1	1	0	1	0	1	1	1	1	0	1	1	0	1	1	1	0	0	1
5517	0	1	1	1	1	1	1	1	0	1	1	0	1	0	1	1	0	0	0	0	0
5524	0	1	1	1	0	0	1	1	0	0	1	0	0	0	1	1	0	1	0	0	0
5538	1	0	1	1	0	0	1	1	1	1	1	1	1	0	1	0	0	1	1	0	0
5546	1	1	0	1	0	0	1	1	0	1	1	0	1	0	1	1	0	0	0	1	0
5550	1	0	0	1	0	1	1	1	0	1	1	1	1	0	1	0	0	1	0	0	1
5556	1	1	1	1	0	1	1	1	0	1	1	0	1	0	1	1	0	1	0	1	1
5561	0	1	1	1	1	0	1	1	1	1	1	1	1	0	0	1	1	1	0	1	1
5567	0	1	1	1	0	1	1	1	0	1	1	1	1	0	1	1	0	0	1	0	1
5568	0	1	1	1	0	0	1	1	0	1	1	0	1	0	1	1	0	0	0	0	0
5572	0	1	1	1	0	1	1	1	0	1	1	0	0	1	1	1	0	1	0	0	1
5575	0	1	1	1	0	1	1	1	0	1	1	0	1	0	1	1	0	0	0	0	1
5577	0	1	1	1	0	1	1	1	0	1	1	1	1	0	1	1	1	0	0	0	1
5580	0	1	1	1	0	1	0	1	0	1	1	0	1	0	1	1	0	0	0	0	1
5600	1	1	1	1	0	1	1	0	0	1	1	1	1	1	1	0	0	1	1	0	1
5601	1	1	1	1	1	0	1	1	0	1	0	0	1	0	1	1	1	1	1	1	1
5603	0	1	1	1	0	1	1	1	0	1	1	0	1	0	1	1	0	0	0	0	0
5605	0	1	1	1	1	1	0	1	0	1	1	1	1	1	1	0	1	1	1	0	1
5609	0	1	1	1	0	0	0	1	0	1	1	0	1	0	0	1	1	1	0	0	1
5627	0	1	1	1	0	1	0	1	0	1	1	1	0	1	1	0	1	1	1	1	1
5629	0	1	1	1	0	1	1	1	0	1	1	1	1	0	1	1	0	0	1	0	1
5632	0	1	1	1	0	1	1	1	0	1	1	1	1	0	1	1	0	1	1	0	0
5639	0	1	1	1	0	1	1	1	0	1	1	0	1	0	1	1	0	0	0	0	0
5641	0	1	1	1	0	0	1	1	0	1	1	0	1	0	1	1	0	0	0	0	0
5642	0	1	1	1	0	0	1	1	0	1	1	0	1	0	1	1	0	1	0	0	0
5653	0	1	1	1	0	0	0	0	1	1	1	0	1	1	1	1	1	1	1	0	0
5654	0	0	0	1	0	1	1	1	0	1	1	1	1	0	1	1	0	0	1	0	1
5658	0	1	1	1	0	1	0	1	0	1	1	0	1	0	1	1	0	0	1	0	1
5661	1	1	1	1	0	1	1	1	0	1	1	0	1	0	1	1	0	0	0	0	0
5680	0	1	1	1	0	0	1	1	0	1	1	1	1	0	1	1	0	0	1	0	1
5684	0	1	1	1	0	0	1	1	0	1	1	0	1	0	1	1	0	0	0	0	0
5688	1	1	1	1	0	1	1	1	0	0	1	1	1	0	1	0	0	0	1	1	1
5689	0	1	1	1	0	1	1	1	0	1	1	0	1	1	1	1	0	1	1	0	1
5691	0	1	1	1	0	0	1	1	0	1	1	1	1	0	1	0	0	0	1	0	0
5700	0	1	1	1	0	1	1	1	0	1	1	0	1	0	1	1	0	0	0	0	0
5704	0	1	1	1	0	1	0	1	0	1	1	0	1	0	1	1	1	1	0	0	1
5705	1	1	1	1	0	1	1	1	0	1	1	1	1	0	0	1	0	0	0	1	0
5720	1	0	1	1	0	1	0	1	1	1	1	1	1	1	0	1	0	0	1	0	1
5725	0	1	1	1	0	0	1	1	0	1	1	0	1	0	1	1	0	0	0	0	0
5727	0	1	1	1	0	1	0	1	1	1	1	1	1	1	0	1	1	1	1	1	1
5730	0	1	1	1	0	0	1	1	0	1	1	0	1	0	1	1	0	0	0	0	0
5734	0	1	1	1	0	0	0	1	1	1	1	0	1	1	0	1	1	1	1	0	0
5752	1	0	0	1	0	0	1	0	1	0	1	1	1	0	1	1	1	1	0	1	1
5753	0	1	1	1	0	0	0	0	1	1	1	0	1	1	0	1	0	1	0	0	0
5754	0	1	1	1	0	1	1	1	0	1	1	0	1	0	1	1	0	0	0	1	0
5766	0	0	1	1	0	0	1	1	0	1	1	1	1	0	1	1	0	0	0	0	0
5769	0	1	1	1	0	0	0	1	1	1	1	0	1	0	0	1	1	1	0	0	0
5773	0	1	1	1	0	0	0	1	1	1	1	0	1	1	0	1	1	1	0	0	0
5774	0	1	1	1	0	1	0	1	1	1	1	0	1	1	0	1	1	1	0	0	0
5796	0	0	1	1	0	1	0	1	1	1	1	1	1	1	0	1	1	1	1	1	1
5798	1	1	0	0	1	0	0	0	1	0	0	0	0	0	1	0	1	1	0	1	0
5802	1	1	1	1	0	0	1	0	1	0	1	1	1	1	1	0	0	1	1	0	1
5810	0	1	1	1	0	0	0	1	0	1	1	0	1	0	1	1	0	0	0	0	0
5813	0	1	1	1	0	1	1	0	0	1	1	0	0	0	1	1	1	1	0	1	0
5830	0	1	1	1	0	1	0	1	1	1	1	0	1	1	0	1	1	1	0	1	1
5841	0	0	0	1	0	1	1	1	1	1	1	1	1	1	0	1	0	1	0	0	0
5848	1	1	0	1	0	0	1	0	1	1	1	0	1	1	1	1	0	1	0	1	0
5856	0	1	1	1	0	0	1	1	0	1	1	0	1	0	1	1	0	0	0	1	0
5873	1	1	1	1	1	1	0	1	0	1	1	0	1	0	0	1	1	1	0	1	1
5880	1	1	1	1	0	0	0	1	1	0	1	0	1	1	1	1	1	1	0	0	0
5892	0	1	1	1	0	1	0	1	1	1	1	0	1	1	0	1	1	1	0	0	1
5901	0	1	1	1	1	0	0	1	1	1	1	0	1	0	0	1	0	1	0	0	1
5914	0	1	1	1	0	0	0	1	1	1	1	0	1	0	0	1	1	1	0	0	0
5916	0	0	1	1	0	1	1	0	1	0	1	0	0	1	1	0	0	1	0	0	1
5920	0	1	1	1	0	1	1	1	0	1	1	0	1	0	1	1	0	0	0	0	0
5929	0	0	1	1	0	1	1	1	1	1	1	0	1	1	0	0	1	1	1	0	1
5931	0	1	1	1	0	0	0	1	0	1	1	0	1	0	1	1	0	0	0	0	0
5936	0	0	1	1	0	1	1	0	1	1	1	0	0	1	1	1	0	0	0	0	1
5951	1	0	0	1	0	1	1	0	1	0	1	1	1	0	1	0	1	1	0	0	0
5953	1	1	1	0	0	1	1	0	1	0	1	1	1	0	1	1	1	1	0	0	0
5955	0	1	1	1	0	0	0	1	0	1	1	0	1	1	1	1	1	0	0	0	0
5964	0	1	1	1	0	1	1	1	0	1	1	0	1	0	1	1	0	0	0	0	0
5981	1	1	1	1	0	0	0	1	1	1	1	1	1	1	0	1	0	1	0	1	0
5986	0	1	1	1	0	0	0	0	1	1	1	0	1	1	1	1	1	1	0	0	1
5996	1	0	1	1	0	1	1	0	1	1	1	1	1	1	1	0	0	1	1	0	1
6101	1	0	0	1	0	1	1	0	1	0	1	1	0	1	1	1	1	1	1	1	1
6106	1	0	0	1	0	1	1	0	1	0	1	1	0	1	1	0	1	1	1	1	1
6110	0	0	0	1	0	1	1	1	1	0	1	1	1	1	0	1	0	1	1	0	0
6122	1	0	0	1	0	1	1	1	0	0	1	1	1	0	1	0	1	1	1	1	1
6124	1	0	0	1	0	1	1	0	1	0	1	0	1	1	1	1	1	1	0	1	0
6135	1	1	1	0	1	1	1	1	0	0	0	1	0	0	1	0	1	1	0	1	1
6143	1	0	0	1	0	1	1	1	0	0	1	1	1	0	1	1	1	1	0	0	1
6144	1	0	0	1	0	1	1	0	1	0	1	1	0	1	1	0	0	1	1	0	1
6154	1	1	1	1	0	1	0	1	1	1	1	1	1	1	0	1	0	1	1	1	0
6156	0	1	1	1	0	0	0	1	1	1	1	0	1	1	0	1	1	1	0	0	0
6161	1	0	0	1	1	1	1	0	1	0	1	1	0	0	1	0	1	1	1	1	1
6162	1	0	0	1	1	1	1	0	1	0	1	1	1	0	1	1	1	1	1	1	1
6170	1	0	0	1	0	1	1	0	1	1	1	1	0	1	1	1	1	1	1	0	1
6174	1	1	1	1	0	1	0	1	0	1	1	1	1	0	1	0	0	1	1	0	1
6178	1	1	0	1	1	1	1	1	1	0	1	1	1	1	0	1	1	1	1	1	1
6181	1	1	0	1	1	1	1	0	0	0	1	1	1	0	1	0	1	1	0	1	1
6192	1	1	1	1	0	0	1	0	1	1	1	1	1	0	1	1	1	1	0	1	0
6204	1	1	1	1	0	0	0	1	1	0	1	0	1	1	0	1	1	1	0	0	0
6210	1	0	0	1	1	1	1	0	1	0	1	1	0	1	1	0	0	1	0	1	1
6218	1	1	1	1	0	1	1	0	1	1	1	0	0	1	1	1	0	1	0	0	0
6221	1	1	1	1	0	0	1	1	0	1	1	1	1	0	1	0	0	1	0	0	1
6224	1	1	1	0	1	1	1	1	0	1	0	1	1	0	1	0	0	1	0	1	1
6228	0	1	1	1	0	1	0	1	1	1	1	0	1	1	0	1	1	1	0	0	1
6235	0	1	1	1	0	1	0	1	1	1	1	0	1	1	0	1	1	1	0	0	1
6249	0	1	1	1	0	1	1	1	0	1	1	1	1	0	1	0	0	1	1	0	1
6258	0	1	1	1	1	1	0	1	1	1	1	0	1	1	0	1	1	1	1	0	1
6277	0	0	1	1	0	1	1	1	0	1	1	1	1	0	1	1	0	0	1	0	1
6281	0	1	1	1	0	1	1	1	0	1	1	1	1	0	1	0	0	1	1	0	1
6283	0	1	1	1	0	1	0	1	1	1	1	0	1	1	0	1	1	1	1	0	1
6288	0	1	1	1	0	1	1	1	0	1	1	0	1	0	1	1	0	0	1	1	1
6290	1	1	1	1	0	1	1	1	0	1	1	1	1	0	1	1	0	0	1	0	1
6294	0	1	1	1	0	1	1	1	0	1	1	1	1	0	1	1	0	0	0	0	0
6304	0	1	1	1	0	0	0	1	0	1	1	0	1	1	0	1	0	1	0	0	1
6306	0	1	1	1	0	0	1	1	0	1	1	1	1	0	1	1	0	0	0	0	0
6307	0	1	1	1	0	0	0	1	1	1	1	0	1	1	0	1	1	1	0	0	0
6308	0	0	1	1	0	1	1	1	0	1	1	1	1	0	1	0	1	0	1	1	1
6315	1	0	0	1	0	0	1	0	1	0	1	0	0	1	1	1	0	1	0	0	0
6320	0	1	1	1	0	1	1	0	1	0	1	0	1	1	1	1	1	0	0	0	0
6324	1	1	1	1	0	0	0	1	1	1	1	0	1	0	0	1	1	1	1	1	1
6329	0	1	1	1	0	0	1	1	0	1	1	1	1	1	1	1	1	0	0	1	0
6333	1	0	0	1	0	1	1	1	1	1	1	1	1	1	0	1	1	1	0	0	1
6337	1	1	0	1	1	1	1	0	1	0	0	1	1	0	1	1	1	1	0	1	1
6339	0	1	1	1	0	0	0	1	1	1	1	0	1	1	0	1	1	1	0	0	0
6364	0	1	1	1	1	1	1	0	0	1	1	0	1	1	1	0	0	1	0	1	1
6366	0	1	1	1	0	0	0	1	1	1	1	1	1	1	0	1	1	1	0	0	0
6370	0	1	1	1	0	1	0	1	1	1	1	0	1	0	0	1	1	1	0	1	1
6374	0	1	1	1	0	0	0	1	1	1	1	0	1	0	0	1	1	1	1	0	0
6375	0	0	1	1	1	1	1	1	0	1	1	1	1	1	1	1	1	1	0	0	1
6389	0	1	1	1	0	0	0	1	1	1	1	0	1	1	0	1	1	1	0	0	0
6392	1	1	0	1	0	1	0	0	1	0	1	0	1	1	1	1	0	1	1	0	0
6397	1	1	1	1	0	0	1	0	1	1	1	1	0	1	1	0	0	1	1	0	0
6403	0	1	1	1	0	1	1	0	0	1	1	0	0	0	1	1	0	1	0	0	1
6407	1	1	1	1	1	1	1	0	0	1	0	1	1	0	1	0	1	1	1	1	1
6418	0	1	1	1	1	0	0	1	1	1	1	0	0	1	0	0	1	1	0	1	1
6422	0	1	1	1	0	0	0	0	1	1	1	0	1	1	1	1	1	1	0	1	0
6423	1	0	0	0	1	1	1	0	0	0	0	1	1	0	1	1	1	1	1	1	1
6424	1	0	0	1	0	1	1	1	0	1	1	0	1	1	1	1	1	1	0	0	0
6436	1	0	1	0	1	1	1	0	1	1	0	1	0	1	1	0	1	1	1	1	0
6440	1	1	0	0	1	1	1	0	1	0	0	1	0	0	1	0	1	1	0	1	1
6443	1	1	1	0	1	0	1	0	1	1	0	1	1	0	1	0	1	1	0	1	1
6450	0	1	1	0	1	1	1	1	0	0	0	1	1	0	1	0	1	1	0	1	0
6468	1	1	0	0	1	0	1	0	0	0	0	1	0	0	1	0	1	1	0	1	0
6472	1	1	1	1	1	0	0	1	1	1	1	1	1	1	0	1	1	1	0	1	0
6492	1	0	0	0	1	1	1	0	1	1	0	1	1	1	1	0	1	1	1	1	1
6499	1	1	1	0	1	0	1	0	1	1	0	1	0	1	0	0	1	1	0	1	1
6502	1	0	0	0	1	0	1	0	1	0	0	0	0	1	1	1	1	1	1	1	1
6508	1	1	0	0	1	1	1	0	1	0	0	1	0	1	1	0	1	1	1	1	1
6519	1	1	1	0	1	1	1	0	0	1	0	0	0	0	1	0	1	1	0	1	1
6524	1	0	1	0	1	1	1	1	0	1	0	1	1	0	1	0	1	1	1	1	1
6535	0	1	1	1	0	0	1	1	0	1	1	0	1	0	1	1	0	0	0	0	0
6537	0	1	1	0	1	1	1	1	0	1	1	1	1	0	1	1	1	1	1	0	1
6546	1	0	0	1	1	1	1	0	0	0	0	1	1	0	1	0	1	1	1	1	1
6565	1	0	0	1	0	0	1	1	1	0	1	1	1	1	0	1	0	1	0	1	0
6573	1	1	0	0	1	0	1	0	1	1	0	0	1	0	1	1	1	1	0	1	1
6575	1	1	0	1	1	1	1	1	0	1	1	0	1	0	1	1	0	1	0	1	1
6579	1	0	1	1	1	0	0	1	1	1	1	0	1	1	1	1	1	1	0	1	1
6582	1	0	0	1	1	1	1	0	1	0	1	1	0	1	1	0	1	1	1	1	1
6590	1	1	0	1	1	1	1	0	0	0	0	1	1	0	1	0	1	1	0	1	1
6595	1	0	0	1	0	1	1	1	1	1	0	1	0	1	1	1	0	1	1	0	1
6598	1	0	0	0	1	1	1	1	0	0	0	1	1	0	1	0	1	1	0	1	1
6602	1	0	0	0	1	1	1	0	1	1	0	1	1	1	1	0	1	1	1	1	1
6603	1	0	0	1	1	1	1	1	0	0	1	1	1	0	1	1	1	1	1	1	0
6609	1	1	0	1	0	0	1	0	1	0	1	1	1	0	1	0	0	1	0	0	0
6613	1	0	0	1	1	0	1	0	1	1	1	1	1	0	1	1	1	1	0	1	1
6619	1	0	0	1	1	1	1	0	1	0	0	1	0	1	1	1	1	1	0	1	1
6625	1	1	0	1	1	0	1	0	0	0	1	1	1	0	0	1	1	1	1	1	1
6629	1	0	0	1	1	1	1	1	1	1	0	1	0	1	1	1	1	1	0	1	1
6630	1	0	0	1	0	1	1	0	1	1	1	1	0	1	1	0	1	1	1	1	1
6649	1	1	1	0	1	0	1	0	0	1	0	0	0	0	1	0	1	1	0	1	1
6652	1	1	1	0	1	1	1	0	1	1	0	1	0	0	1	1	1	1	0	1	0
6696	1	0	0	0	1	1	1	1	0	0	0	0	1	0	1	0	1	1	1	1	1
6716	1	1	0	0	1	0	1	1	1	0	0	0	1	0	1	0	1	1	0	1	1
6717	1	1	1	0	1	0	1	0	1	0	0	1	0	0	1	0	1	1	0	1	1
6720	1	1	1	0	1	0	0	1	0	1	0	1	1	0	0	1	1	1	1	1	1
6728	1	1	1	0	1	1	1	0	1	1	0	1	1	0	1	0	1	1	0	1	1
6729	1	0	1	1	1	0	0	1	1	0	1	0	1	0	0	1	1	1	0	1	0
6732	1	0	0	0	1	0	1	0	1	1	0	1	0	1	1	0	1	1	1	1	1
6736	1	0	0	0	1	1	1	0	1	0	0	1	1	1	1	1	1	1	1	1	1
6752	1	1	1	1	1	0	1	0	0	0	0	0	1	0	1	0	1	1	0	1	1
6761	1	0	1	1	1	0	1	0	1	1	1	0	1	0	0	1	1	1	0	1	0
6768	1	1	1	1	0	0	0	1	1	1	1	1	1	1	0	1	1	1	0	0	0
6773	1	1	1	1	1	0	0	1	1	1	1	1	1	1	0	1	1	1	1	0	1
6779	1	1	0	0	0	0	1	0	1	0	1	0	0	1	1	0	0	1	1	0	0
6789	0	1	1	0	1	0	1	1	0	1	0	0	1	0	1	0	1	1	0	1	0
6796	1	0	1	1	0	1	1	1	0	1	1	1	1	0	1	1	1	1	1	0	1
6799	0	1	1	1	1	1	0	0	1	1	1	0	0	1	0	1	1	1	1	1	1
6801	1	0	0	1	1	1	1	0	1	0	0	1	0	1	1	0	1	1	0	1	1
6804	0	1	1	1	1	0	0	1	0	1	1	1	1	0	1	1	0	1	0	0	0
6808	0	1	1	1	1	0	1	1	0	1	0	0	1	0	1	1	1	1	0	1	0
6810	1	1	1	0	1	0	1	0	1	1	0	1	1	1	1	0	1	1	1	1	1
6815	1	1	1	1	1	0	0	1	1	1	1	0	1	0	0	1	1	1	0	0	1
6829	0	1	1	1	0	0	0	0	0	1	0	0	1	1	0	1	1	1	1	1	0
6831	1	1	1	1	0	0	1	1	0	0	1	0	1	0	1	1	0	1	0	0	0
6835	1	0	0	1	1	0	1	0	1	0	0	1	1	1	1	0	1	1	1	1	1
6836	0	1	1	1	0	0	1	1	1	0	1	1	1	0	1	1	0	1	0	0	0
6848	0	0	1	1	0	0	0	0	1	1	1	0	1	0	1	1	1	1	1	0	0
6852	1	1	1	1	0	1	0	1	0	1	1	1	1	0	0	1	0	1	1	1	1
6864	0	1	1	1	0	0	1	1	0	1	1	0	1	0	1	1	0	1	0	0	0
6869	1	1	1	1	0	0	1	1	0	0	1	0	1	0	1	1	0	0	0	0	0
6879	0	1	1	1	0	0	1	1	0	1	1	0	1	0	1	1	0	1	0	0	0
6885	1	0	0	1	0	1	1	0	1	0	1	1	0	0	1	0	0	1	0	0	0
6899	1	1	0	1	0	1	1	0	1	0	1	1	0	0	1	1	0	1	0	0	0
6906	0	1	1	1	0	1	1	1	0	1	1	0	1	0	1	1	0	1	0	0	0
6907	0	0	1	1	0	0	1	0	1	1	1	0	0	1	0	1	0	1	0	0	0
6915	1	1	1	1	0	1	0	1	0	1	1	1	1	0	0	1	0	0	0	1	1
6916	1	1	1	1	0	0	1	0	1	0	1	1	1	0	0	1	1	1	0	1	0
6920	0	1	1	1	0	0	1	1	0	1	1	1	1	0	1	1	0	1	0	0	0
6928	0	1	1	1	0	0	1	1	0	1	1	1	1	0	1	1	0	1	0	0	0
6933	0	1	1	1	0	0	0	0	1	1	1	0	1	0	0	1	0	1	1	0	0
6938	1	0	0	1	0	1	1	0	1	0	1	1	0	1	1	0	1	1	1	0	1
6944	1	0	1	1	0	0	0	1	0	1	1	0	1	0	0	1	0	1	0	0	0
6950	0	1	1	1	0	1	1	1	1	1	1	1	1	1	1	0	0	1	0	1	1
6953	0	1	1	1	0	0	1	1	0	1	1	1	1	0	1	1	0	1	0	0	0
6954	0	1	0	1	0	0	1	0	1	0	0	0	1	0	1	1	0	0	0	0	0
6957	1	1	1	1	0	1	1	0	1	1	1	1	0	0	1	1	0	1	0	1	0
6968	1	0	0	1	0	1	1	1	0	0	1	1	1	0	1	1	0	1	1	0	1
6981	1	1	1	0	1	1	1	1	0	1	1	1	1	0	1	0	0	1	0	1	1
6987	1	1	1	1	1	1	1	1	0	1	0	0	1	0	1	1	1	1	1	1	1
6989	0	0	1	0	1	1	1	0	1	1	0	1	1	0	1	1	1	1	0	1	1
6992	0	1	1	0	1	1	0	1	1	1	1	1	1	1	0	0	1	1	1	1	1
6997	1	1	1	0	1	1	1	1	0	1	1	0	0	0	1	0	1	1	1	1	1
7100	0	1	1	1	0	0	0	1	1	1	1	1	1	1	0	1	1	1	0	0	0
7113	1	0	0	0	1	1	1	1	0	0	0	1	0	1	1	1	1	1	1	1	1
7118	1	0	0	1	1	1	0	1	1	0	1	1	1	0	1	1	1	1	1	1	1
7125	1	0	1	0	1	1	1	0	1	1	0	1	0	1	1	0	1	1	0	1	1
7128	1	1	0	0	1	0	1	1	0	0	0	0	0	0	1	0	1	1	0	1	1
7134	1	0	1	1	1	1	1	1	0	1	1	1	1	0	1	1	1	1	1	1	1
7135	1	0	1	0	1	1	1	0	1	1	0	0	0	0	1	1	1	1	0	1	1
7143	0	1	1	1	1	1	0	1	1	1	1	1	1	1	1	0	1	1	1	1	1
7144	1	0	1	1	1	1	1	0	1	1	1	1	0	1	1	1	1	1	0	1	1
7146	0	1	1	1	0	1	1	1	0	1	1	1	1	0	1	0	0	1	1	1	1
7147	1	0	1	1	0	0	1	1	0	1	1	1	1	0	1	1	0	0	0	0	0
7157	1	1	0	1	0	0	1	0	1	1	0	1	1	1	1	0	0	1	0	1	0
7160	0	1	1	1	0	0	1	0	1	1	1	0	1	1	1	1	0	1	0	0	0
7161	1	1	0	1	1	0	1	0	1	0	1	0	1	0	1	1	0	1	0	1	0
7164	1	1	1	1	0	0	1	1	0	1	1	1	1	0	1	1	0	1	0	0	0
7175	0	1	1	1	0	0	1	1	0	1	1	0	1	0	1	1	0	0	0	0	0
7179	0	0	1	1	0	1	1	1	1	1	1	0	1	0	1	1	0	1	0	0	0
7180	1	0	1	1	0	0	1	1	0	1	1	0	1	0	1	1	0	1	0	0	0
7187	1	1	0	1	1	0	1	0	1	0	0	1	1	0	1	0	1	1	0	1	0
7192	0	1	1	1	0	0	1	1	0	0	1	0	1	0	1	1	0	1	0	0	0
7193	1	1	1	1	0	0	1	1	0	1	1	1	1	0	1	1	0	1	0	0	0
7198	1	1	1	0	1	0	1	0	1	1	0	0	1	0	1	0	1	1	0	1	1
7200	0	1	1	1	0	1	0	1	0	1	1	1	1	1	1	1	1	0	1	0	1
7204	1	1	1	1	1	1	1	0	0	1	0	0	1	0	1	0	1	1	1	1	1
31009	0	1	1	1	0	0	0	1	1	1	1	0	1	1	0	1	0	1	0	0	0
31015	0	0	1	1	0	1	1	1	0	1	1	1	1	0	1	1	0	1	0	0	0
31021	1	0	1	1	0	0	1	0	0	0	0	0	0	0	1	1	0	1	0	1	0
31029	0	1	1	1	0	0	0	1	0	1	1	0	1	0	0	1	1	1	0	1	1
31034	0	1	1	1	0	0	0	1	1	1	1	0	1	0	0	1	1	1	0	0	0
31056	1	1	1	1	0	0	1	1	0	0	1	1	1	0	1	1	1	1	0	1	0
31060	0	1	1	1	1	0	0	1	1	1	1	0	1	0	0	1	1	1	0	1	0
31062	1	1	1	1	0	0	0	1	1	1	1	0	1	0	0	1	0	1	0	0	0
31067	1	1	1	1	0	1	0	1	1	1	1	0	1	1	0	1	1	1	0	0	1
31070	1	1	1	1	0	0	0	1	1	1	1	0	1	1	0	1	1	1	0	0	0
31077	0	1	1	1	0	0	1	1	0	1	1	0	1	0	1	1	1	1	0	0	0
31083	0	1	1	1	0	1	0	1	0	1	1	1	1	0	0	1	0	1	1	0	1
31089	1	1	0	1	0	0	0	1	1	1	1	1	1	1	0	1	1	1	0	0	0
31098	0	1	1	1	0	0	0	1	1	1	1	0	1	1	0	1	1	1	0	0	0
31114	1	1	0	1	1	0	1	0	1	1	1	1	1	1	1	1	0	1	0	1	0
31116	0	1	1	1	0	0	0	1	0	1	1	0	1	0	1	1	0	1	0	0	0
31118	1	1	0	1	0	0	0	1	1	1	1	0	1	1	0	1	1	1	0	1	0
31124	0	1	1	1	0	1	1	0	1	1	1	1	1	0	1	1	0	0	0	0	1
31129	1	0	0	1	0	0	1	0	1	1	1	1	1	0	1	1	0	1	1	0	0
31141	0	0	0	1	0	1	0	0	1	0	1	1	1	1	1	1	0	1	1	0	0
31143	0	1	1	1	0	1	0	1	1	1	1	0	1	1	0	1	1	1	0	0	0
31145	1	1	1	1	0	1	1	0	1	1	1	1	0	0	1	1	0	1	0	0	0
31146	1	1	0	1	1	1	1	0	0	0	1	1	1	0	1	0	1	1	0	1	1
31147	0	1	1	1	0	0	1	1	0	1	1	0	1	0	1	1	1	0	0	1	0
31154	0	1	1	1	0	1	1	0	0	1	1	1	1	0	1	1	0	0	0	0	0
31174	1	0	1	1	0	0	1	0	1	1	1	1	1	1	1	1	0	1	1	0	0
31177	0	1	1	1	0	1	1	0	1	1	1	0	0	1	1	0	0	1	0	1	1
31179	1	0	1	1	0	0	1	0	1	0	1	1	0	1	1	0	0	1	0	0	1
31180	0	1	1	1	0	1	1	1	0	1	1	1	1	0	1	0	0	1	1	0	1
31181	1	1	1	0	1	0	0	1	1	1	0	0	1	0	0	0	1	1	0	1	0
31183	0	1	1	0	1	1	0	1	0	0	1	0	1	0	1	1	1	1	1	1	1
31203	1	0	0	0	0	0	1	0	1	0	0	1	0	1	1	0	1	1	0	1	1
31207	0	1	1	0	1	0	1	1	0	1	0	1	1	0	1	0	1	1	0	1	1
31220	0	1	1	0	1	1	1	1	0	1	0	0	0	0	1	0	1	1	1	1	1
31227	1	1	1	0	1	1	1	1	0	0	0	1	1	0	1	0	1	1	1	1	1
31233	0	0	1	1	0	0	1	0	0	1	1	1	0	0	1	1	0	1	0	0	0
31234	0	1	1	0	1	0	1	0	1	1	1	0	1	0	1	1	0	1	0	0	0
31240	0	1	1	0	1	0	1	1	0	1	0	1	1	0	1	1	1	1	0	1	1
31269	0	1	1	0	1	1	1	0	0	1	0	1	1	0	1	0	1	1	1	1	1
31280	0	1	1	0	1	1	1	1	0	1	0	1	1	0	1	0	1	1	1	1	1
31285	0	1	1	0	1	1	1	1	0	1	0	1	1	0	1	0	1	1	1	1	1
31286	1	1	1	1	1	1	1	1	0	1	1	1	1	0	1	0	1	1	1	1	1
31292	0	1	1	0	1	1	1	1	0	1	0	1	1	0	1	0	1	1	1	1	1
31304	1	1	0	0	1	0	1	0	0	1	0	0	0	0	1	0	1	1	0	1	0
31307	0	1	1	0	1	0	1	1	0	1	0	0	1	1	1	1	1	1	0	1	0
31313	1	0	0	0	1	0	1	1	1	1	0	0	0	0	1	1	1	1	0	1	0
31317	1	1	1	1	0	0	1	0	1	0	1	0	0	0	1	1	0	1	0	0	0
31330	1	1	1	1	1	1	0	1	0	1	1	0	1	0	1	1	1	1	1	1	1
31332	1	1	0	0	1	0	1	0	1	0	0	1	0	1	1	0	1	1	1	1	1
31338	1	1	1	0	1	0	1	1	0	0	0	1	1	0	1	0	1	1	0	1	1
31340	1	1	0	0	1	0	1	0	1	0	0	1	0	1	1	1	1	1	0	1	0
31346	0	1	0	1	1	0	1	0	1	0	1	0	0	1	1	0	0	1	0	1	1
31347	1	0	1	0	1	1	1	1	0	1	1	0	0	0	1	0	1	1	1	1	1
31360	0	1	1	1	1	1	1	1	0	1	1	0	1	0	1	1	1	1	0	1	0
31361	0	0	1	1	0	0	1	1	0	1	1	0	1	0	1	1	0	1	0	1	1
31378	1	1	1	1	1	1	1	1	0	0	1	1	0	0	1	1	1	1	0	1	0
31382	1	1	1	0	1	0	1	1	0	1	0	1	1	0	1	0	1	1	1	1	1
31387	1	1	1	1	1	1	1	1	0	1	0	1	1	0	1	0	0	1	0	1	1
31390	1	1	1	0	1	0	1	0	1	1	1	0	0	0	1	1	1	1	0	1	0
31398	1	0	1	1	0	0	1	1	0	1	1	1	1	0	1	1	0	1	0	0	0
31415	1	1	0	1	1	0	1	1	0	1	1	1	1	0	1	0	1	1	1	1	1
31421	0	1	1	1	1	1	0	1	1	1	1	0	1	0	1	1	1	1	1	1	1
41006	1	0	0	1	1	1	1	0	1	0	0	1	0	1	1	0	1	1	1	1	1
41007	1	0	0	1	1	1	1	0	1	0	1	1	1	1	1	0	1	1	0	1	1
41013	0	1	0	1	1	1	1	1	0	1	1	1	1	0	1	1	1	1	1	1	1
41017	1	0	0	1	1	1	1	0	1	0	0	0	1	1	1	0	1	1	0	1	1
41018	1	1	1	1	1	1	1	0	1	0	1	1	1	1	1	0	1	1	1	1	1
41020	1	0	0	1	1	1	1	0	1	0	0	1	0	1	1	0	1	1	1	1	1
41023	1	0	0	1	1	0	1	1	1	1	1	1	1	1	0	1	1	1	1	1	1
41045	1	0	1	0	1	0	1	0	0	1	1	1	1	0	1	1	1	1	0	1	0
41049	1	1	1	0	1	1	1	1	0	1	0	1	1	0	1	0	1	1	1	1	1
41051	1	1	0	1	1	1	1	0	1	1	1	1	1	1	1	1	1	1	1	1	1
41052	1	1	1	0	1	0	1	0	1	0	0	1	0	0	1	0	1	1	0	1	1
41058	1	1	0	0	0	0	1	0	1	0	0	1	0	1	1	0	1	1	0	1	1
41082	1	1	0	0	1	1	1	0	1	1	0	1	0	0	1	0	1	1	0	1	1
41097	1	1	1	1	1	0	0	0	0	0	1	1	1	0	1	1	0	1	0	1	0
41102	1	1	1	1	1	1	1	1	0	1	1	1	1	0	1	0	1	1	1	1	1
41109	0	1	1	0	1	1	0	0	1	1	1	0	0	0	1	1	1	1	0	1	1
41111	0	1	1	1	0	1	1	1	0	1	1	1	1	0	1	0	0	0	0	1	1
41128	1	1	0	0	1	0	1	0	1	0	0	1	0	0	1	0	1	1	0	1	1
41142	1	0	0	0	1	1	1	0	1	0	0	1	0	1	1	0	1	1	0	1	0
41167	1	0	0	0	1	1	1	0	1	0	0	1	0	1	1	0	1	1	0	1	0
41201	1	0	0	0	1	0	1	0	1	0	0	1	0	0	1	1	1	1	0	1	0
41202	1	1	1	1	1	0	1	0	1	0	0	0	0	1	1	0	1	1	0	1	0
41208	0	1	1	1	1	1	1	0	0	1	1	1	1	0	1	0	1	1	0	1	0
41209	1	0	1	0	1	1	1	0	0	1	0	1	0	0	1	0	1	1	1	1	1
41210	1	1	1	0	1	0	1	0	1	0	0	1	1	0	1	0	1	1	0	1	1
41220	0	1	1	1	1	0	0	1	1	1	1	0	1	0	1	1	1	1	0	1	0
41225	0	1	1	1	1	0	0	1	0	1	1	0	1	0	1	1	1	0	0	1	0
41228	1	1	1	1	0	0	0	1	1	1	1	0	1	1	0	1	1	1	0	1	0
41236	1	0	1	0	1	0	1	1	0	0	1	1	1	0	0	0	1	1	1	1	1
41239	1	1	1	1	1	0	0	1	1	1	1	1	1	0	1	1	1	1	0	1	0
41251	1	1	0	0	1	0	1	0	1	0	0	1	1	1	1	0	1	1	0	1	0
41260	1	1	1	0	1	0	1	0	1	1	0	1	1	1	1	1	1	1	0	1	0
41262	1	1	1	0	1	0	1	1	1	0	0	1	1	0	1	1	1	1	0	1	0
41271	1	1	1	1	1	0	0	1	1	1	1	0	1	0	0	1	1	1	1	1	1
41278	0	1	1	0	1	0	0	1	0	1	0	0	1	0	1	1	1	1	0	1	1
41287	1	0	0	1	1	1	1	0	1	1	0	1	1	1	0	1	1	1	1	1	1
41296	0	1	1	1	0	0	0	1	0	1	1	0	1	0	0	1	0	0	0	1	1
41299	1	1	0	0	1	0	1	0	1	0	0	1	0	1	1	0	1	1	1	1	1
41311	1	1	1	1	1	0	1	0	1	1	1	1	1	0	1	1	1	1	0	1	0
41319	0	1	1	1	1	0	1	1	1	1	1	1	1	0	1	1	1	0	0	0	0
41343	1	1	1	0	1	0	1	0	1	0	0	1	1	0	1	0	1	1	1	1	1
41348	1	1	0	0	1	0	1	0	1	0	0	0	0	1	1	0	1	1	0	1	0
41349	1	1	0	1	0	0	0	0	1	1	1	1	1	0	1	1	1	1	1	0	0
41352	1	1	1	1	1	1	1	1	0	1	1	1	0	1	1	1	1	1	1	1	1
41360	1	1	0	1	0	0	0	0	1	0	0	0	1	0	1	1	1	1	0	0	0
41363	1	1	0	1	1	0	1	0	1	0	0	0	0	1	1	1	1	1	0	1	1
41377	1	1	1	1	0	0	1	1	0	1	1	0	1	0	1	1	0	0	0	0	1
41378	1	1	0	1	0	1	0	1	1	0	1	1	1	1	0	1	1	1	0	1	0
41397	1	1	0	1	1	0	1	0	1	1	0	0	1	1	1	1	1	0	0	1	0
41402	1	1	0	0	1	1	1	0	1	0	0	1	1	1	1	0	1	1	0	1	0
41407	0	1	1	1	0	0	1	0	1	1	1	0	1	1	1	1	0	0	0	0	0
41415	1	1	1	1	0	0	0	0	1	0	1	1	1	0	1	1	0	1	0	0	0
41425	0	1	1	1	0	0	0	1	0	1	1	0	1	0	1	1	0	1	0	0	0
41448	1	1	1	1	0	0	0	1	1	1	1	0	1	1	0	1	1	1	0	0	0
41479	0	1	1	1	0	0	0	1	1	1	1	0	1	1	0	1	1	1	0	0	0
41481	0	1	0	1	0	0	0	1	1	1	1	0	1	1	0	1	1	1	0	0	0
41503	0	0	1	1	1	1	1	1	0	1	1	1	1	0	1	0	1	1	1	1	1
41507	0	1	1	1	0	0	1	1	0	0	1	0	1	0	1	0	1	1	0	1	0
41515	1	0	0	1	0	1	1	0	1	0	1	1	1	1	1	0	1	1	1	1	1
41529	0	1	1	1	0	0	1	1	0	1	1	0	1	0	1	1	0	0	0	0	0
41548	1	1	1	0	1	0	1	0	1	1	0	1	1	0	1	0	0	1	1	1	0
41581	0	1	0	1	0	0	1	1	1	1	1	0	1	1	1	0	1	1	0	0	0
41583	1	1	1	1	0	0	1	0	0	1	1	0	1	0	1	1	0	0	0	1	0
41586	1	1	1	1	0	1	1	1	0	1	1	0	1	0	1	1	0	1	0	0	0
41589	0	1	1	1	1	1	1	0	1	1	1	1	0	1	1	0	0	1	0	0	1
41600	1	1	1	1	0	0	1	1	0	1	1	1	1	0	1	1	0	1	0	0	0
41606	0	1	0	1	0	0	1	0	1	1	1	0	1	1	1	1	0	1	0	0	0
41607	1	0	0	1	1	1	1	0	1	1	1	1	0	1	1	0	0	1	1	0	0
41621	0	1	1	0	1	1	0	1	0	0	0	0	1	0	1	0	1	1	1	1	1
41628	0	1	1	0	1	0	1	1	0	1	0	0	0	0	1	0	1	1	0	1	0
41629	1	0	1	0	1	0	1	0	0	0	1	1	0	0	0	0	1	1	0	1	0
41630	0	1	1	0	1	0	1	1	0	1	0	0	1	0	1	0	1	1	0	1	1
41632	0	1	1	1	1	0	0	0	1	1	1	1	1	1	1	1	1	1	1	1	0
41641	1	0	1	0	1	1	1	1	0	1	0	0	1	0	1	0	1	1	0	1	1
41642	0	1	1	0	1	0	1	1	0	1	0	0	1	0	1	1	1	1	0	1	1
41648	0	1	1	0	1	1	1	1	0	1	0	1	1	0	1	0	1	1	1	1	1
41651	1	0	0	1	1	0	1	0	1	1	1	1	1	1	0	0	0	1	1	1	0
41654	1	1	0	0	1	0	1	0	1	1	1	1	0	1	1	0	1	1	0	1	1
41658	0	1	1	0	1	1	1	1	0	1	0	0	0	0	1	0	1	1	1	1	1
41660	0	1	1	0	1	1	1	1	0	1	0	1	1	0	1	0	1	1	1	1	1
41661	1	1	1	0	1	0	1	1	0	1	0	0	1	0	1	0	1	1	0	1	1
41664	1	1	1	1	1	0	1	1	0	1	1	1	1	0	1	0	1	1	0	1	1
41671	1	1	1	0	1	1	1	0	1	1	0	1	1	0	1	0	1	1	0	1	1
41674	1	1	1	0	1	0	1	0	1	1	0	0	1	0	1	0	1	1	0	1	1
41681	0	1	1	1	1	1	1	1	0	1	0	0	0	0	1	0	1	1	0	1	1
41688	0	1	0	0	1	1	1	1	0	1	0	0	0	0	1	0	1	1	0	1	1
41693	0	1	1	0	1	0	1	1	0	1	0	0	1	0	1	0	1	1	0	1	1
41722	1	1	0	0	1	0	1	0	0	0	0	1	0	0	1	1	1	1	0	1	0
41744	0	1	1	1	0	0	1	1	0	1	1	1	1	0	1	1	1	1	0	0	1
41759	0	1	1	1	1	0	1	0	0	1	1	1	1	0	1	0	0	1	0	1	1
41760	1	1	1	1	1	0	1	0	0	1	0	0	0	0	1	0	1	1	0	1	0
41763	0	0	1	0	1	0	1	0	1	1	0	1	0	0	1	0	1	1	0	1	0
41769	1	1	0	0	1	0	1	0	1	0	0	1	0	0	1	0	1	1	0	1	1
41778	1	0	0	1	1	1	1	0	1	1	1	1	0	0	1	1	0	1	1	1	0
41779	1	0	1	0	1	1	1	0	0	1	0	1	0	0	1	0	1	1	0	1	0
41780	1	1	1	1	1	0	1	0	1	1	1	1	0	0	1	1	1	1	0	1	0
41789	1	1	1	1	1	0	0	1	0	1	0	0	1	0	0	1	1	1	0	1	0
41791	1	1	1	1	1	1	1	1	0	1	1	1	1	0	1	1	1	0	0	1	0
41794	0	1	1	0	1	1	1	1	0	1	0	1	1	0	1	0	1	1	0	1	1
41795	0	1	1	0	1	0	1	0	1	0	0	1	1	0	1	0	1	1	1	1	1
41801	1	1	1	1	0	1	0	1	1	1	1	0	1	0	1	1	1	1	0	1	0
41814	1	1	1	0	1	0	1	1	0	1	1	0	1	0	1	1	1	0	0	1	0
41826	0	1	1	1	1	0	1	1	0	1	0	1	1	0	1	0	0	1	0	1	0
41830	0	0	1	1	1	1	1	1	0	1	1	0	1	0	1	1	1	1	0	1	1
41835	1	1	1	1	1	0	1	1	0	1	0	1	1	0	1	0	0	1	1	0	1
41840	1	0	0	1	1	0	1	0	1	1	1	1	0	1	1	1	1	1	1	1	0
41844	1	1	1	1	1	0	1	0	1	1	1	0	1	0	1	1	1	1	0	0	0
41847	1	1	1	0	1	0	1	0	1	0	0	1	0	0	1	1	1	1	0	1	1
41857	1	1	1	0	1	0	1	0	1	1	0	0	1	0	1	0	1	1	0	1	0
41862	0	1	1	1	0	0	0	1	0	1	1	0	1	1	1	1	1	1	0	0	0
41871	1	1	1	1	1	0	1	1	1	0	0	1	0	0	1	1	1	1	0	1	0
41872	1	1	1	0	1	0	1	0	1	0	0	1	1	0	1	1	1	1	0	1	1
41882	1	0	0	0	1	0	1	0	1	0	0	1	0	1	1	1	1	1	1	1	1
41895	1	1	1	1	1	0	1	1	0	1	0	0	1	0	1	0	1	1	1	1	1
41912	1	1	1	0	1	1	1	1	0	1	0	1	0	0	1	0	1	1	0	1	1
51005	1	1	1	1	1	0	1	1	0	0	0	0	1	0	1	1	1	1	0	1	0
51014	0	1	1	1	0	1	1	0	1	1	1	1	1	1	1	1	0	1	0	0	1
51017	1	0	1	0	0	1	1	0	1	1	0	1	1	0	1	0	0	1	0	1	1
51023	0	1	1	1	0	0	0	0	1	1	1	0	0	1	1	1	0	1	0	0	0
51041	1	1	0	1	1	1	1	1	1	1	1	1	1	1	0	0	1	1	0	0	1
51047	1	1	0	1	0	0	1	0	1	0	1	0	0	1	1	0	0	1	0	0	0
51051	0	1	0	1	0	1	1	0	1	1	1	1	1	1	1	0	0	1	1	1	1
51053	1	1	0	1	0	1	1	1	1	0	1	1	1	0	0	1	1	1	1	1	1
51054	1	1	1	1	0	1	1	0	0	1	1	1	1	0	1	1	1	1	0	0	1
51061	0	1	1	1	0	1	1	0	1	1	1	0	1	0	1	1	0	1	0	0	0
51065	1	1	0	1	0	1	1	0	1	0	1	0	0	0	1	1	0	0	1	0	0
51067	1	1	1	1	0	0	0	0	1	1	1	0	1	1	0	1	0	1	0	1	1
51081	1	1	0	1	0	1	1	0	1	0	1	0	0	0	1	1	1	1	0	0	0
51082	1	0	0	1	0	0	1	0	1	0	1	0	1	1	1	1	0	1	0	0	0
51085	1	1	1	1	0	0	0	1	1	1	1	0	1	1	0	1	0	1	1	0	0
51092	1	1	0	0	0	0	1	0	1	0	0	0	0	1	1	0	1	1	1	1	1
51096	1	1	0	0	1	1	1	0	1	0	0	1	0	0	1	1	1	1	0	1	1
51111	1	1	0	0	1	0	1	0	1	0	0	1	0	1	1	0	1	1	0	1	1
51131	1	1	1	0	1	0	1	0	1	0	0	1	0	0	1	0	1	1	0	1	0
51136	1	1	0	0	1	0	0	0	1	0	0	0	1	0	1	0	1	1	0	1	0
51139	1	1	0	0	1	0	1	0	0	0	0	1	0	0	1	0	1	1	1	1	1
51145	1	0	0	0	1	1	1	1	0	1	0	0	0	0	1	0	1	1	0	1	1
51153	1	1	0	0	1	0	1	0	0	0	0	0	0	0	1	0	1	1	0	1	0
51176	0	1	1	1	1	1	1	1	1	1	1	1	1	1	1	1	1	1	0	1	1
51178	1	1	1	1	1	0	1	0	1	0	0	0	1	0	1	1	1	1	0	1	0
51184	1	1	0	0	1	0	0	1	1	0	0	0	1	0	0	0	1	1	0	1	0
51185	1	0	0	0	1	0	1	0	1	0	0	1	0	1	1	0	1	1	1	1	1
51208	1	0	1	0	1	1	1	0	1	0	1	1	0	0	1	0	1	1	0	1	0
51227	1	1	1	0	1	1	1	0	0	0	0	1	1	0	1	0	1	1	0	1	1
51231	1	0	1	0	1	1	1	0	1	1	0	1	0	1	1	0	1	1	0	1	1
51236	1	0	0	0	1	1	1	1	0	0	0	1	0	0	1	0	1	1	1	1	1
51240	0	1	1	0	1	0	0	0	0	0	0	1	1	1	1	0	1	1	0	1	0
51241	1	1	0	0	1	1	1	1	0	1	0	1	1	0	1	0	1	1	1	1	1
51249	1	0	0	0	1	0	1	0	1	0	0	0	0	0	1	0	1	1	0	1	0
51258	1	0	0	0	1	1	1	1	0	1	0	0	0	1	1	0	1	1	0	1	1
51259	1	0	0	0	1	1	1	0	1	0	0	1	1	0	1	0	1	1	1	1	1
51263	1	1	1	0	1	1	1	0	1	1	0	1	0	0	1	0	1	1	1	1	1
51268	1	1	1	0	1	0	1	0	1	0	0	1	0	1	1	0	1	1	0	1	0
51275	1	0	0	0	1	1	1	0	1	0	0	1	0	1	1	1	1	1	1	1	1
51276	1	1	1	0	1	0	1	0	1	0	0	1	1	1	1	1	1	1	1	1	1
51278	1	1	1	0	1	0	0	0	1	1	1	0	1	1	0	1	1	1	0	1	1
51281	1	0	0	0	1	1	1	0	1	0	0	1	0	0	1	0	1	1	1	1	1
51285	1	0	1	0	1	0	1	1	0	1	0	1	1	0	1	0	1	1	0	1	0
51287	1	1	1	0	1	1	1	0	1	0	0	0	0	1	1	1	1	1	0	1	1
51289	1	0	0	0	1	1	1	0	0	1	0	1	0	0	1	1	1	1	1	1	1
51292	1	0	0	0	1	1	1	0	1	1	0	1	0	1	1	1	0	1	0	0	0
51294	1	0	0	1	1	1	1	0	0	1	0	1	0	0	1	0	1	1	1	1	1
51300	1	1	0	1	1	1	1	0	1	0	0	0	0	0	1	0	1	1	0	1	0
51302	1	1	0	0	1	0	1	0	0	0	0	0	0	1	1	0	1	1	0	1	0
51324	1	1	0	0	1	1	1	0	1	0	0	0	0	1	1	0	1	1	0	1	0
51328	1	1	1	0	1	0	1	0	1	1	0	1	1	0	1	1	1	1	0	0	0
51329	1	0	0	0	1	1	1	0	0	1	0	1	0	0	1	1	1	1	1	1	1
51346	1	0	1	0	1	0	1	1	0	1	0	0	1	0	1	0	1	1	0	1	1
51353	0	1	1	1	1	0	1	1	0	1	1	1	1	0	1	1	0	1	0	1	0
51355	1	0	1	1	0	0	0	1	0	1	1	0	1	1	1	1	0	0	0	0	0
51390	1	0	0	1	1	1	1	0	1	0	0	1	1	1	1	0	1	1	0	1	1
51394	1	0	1	1	1	1	1	0	1	0	1	1	1	1	1	1	1	1	1	1	1
51395	0	1	1	0	1	1	0	1	0	1	0	1	1	0	1	0	1	1	1	1	1
51414	0	1	1	1	0	1	0	1	0	1	1	1	1	0	0	0	0	1	1	0	1
51415	1	1	1	0	1	0	1	1	0	0	0	0	0	0	1	0	1	1	0	1	1
51416	0	1	1	1	1	0	1	1	0	1	1	0	0	0	1	0	0	0	1	1	0
51435	0	1	1	1	0	0	0	1	0	1	1	0	1	0	0	1	1	1	0	0	0
51436	1	1	1	1	1	1	0	1	0	1	1	1	1	0	0	1	1	1	1	1	1
51441	1	0	0	1	1	1	1	0	1	0	1	1	0	0	1	0	1	1	1	1	1
51442	1	0	0	1	1	1	1	0	1	0	0	1	1	1	1	0	1	1	1	1	1
51445	1	0	0	1	1	1	1	0	1	0	0	1	0	1	1	0	1	1	1	1	1
51454	1	1	0	1	1	1	1	0	1	0	0	1	0	1	1	0	1	1	1	1	1
51458	1	1	1	1	0	0	1	0	0	0	1	1	0	0	1	1	0	1	0	0	0
51465	0	1	1	1	0	0	0	1	0	1	1	0	1	0	1	1	1	0	0	1	0
51472	0	0	1	1	1	0	1	0	1	0	1	1	0	1	1	1	1	1	0	1	1
51474	0	1	1	1	0	0	0	1	1	1	1	1	1	0	1	1	0	1	0	0	0
51479	1	1	0	0	1	1	1	0	0	1	1	1	0	1	1	0	1	1	1	1	0
51484	1	1	1	1	1	0	1	0	0	0	1	1	1	0	0	1	1	1	0	1	1
51487	0	0	0	1	1	1	1	1	1	1	1	1	1	1	0	1	1	1	1	0	0
51503	0	1	1	1	0	1	1	1	0	1	1	1	1	0	0	1	0	0	1	1	1
51515	0	1	1	0	1	0	1	0	0	1	1	1	1	0	1	0	1	1	0	1	0
51524	0	1	0	0	1	0	1	1	0	0	1	0	1	0	1	0	1	1	0	1	1
51530	1	1	1	1	1	0	1	1	0	1	0	0	0	0	1	0	1	1	0	1	1
51531	1	0	1	1	1	1	1	0	0	1	1	1	1	0	1	0	1	1	0	1	1
51534	1	0	1	0	1	0	1	1	0	1	1	1	1	0	0	0	1	1	1	1	1
51539	1	0	0	1	1	1	1	0	1	1	1	1	0	1	1	0	1	1	1	1	1
51541	0	1	1	0	1	0	1	0	0	1	0	0	0	0	1	0	1	1	0	1	1
51556	1	0	0	1	1	1	1	0	1	1	0	1	0	1	1	0	1	1	1	1	1
51562	1	0	0	1	1	1	1	0	1	0	1	1	1	1	1	0	1	1	1	1	1
51575	1	1	1	0	1	0	0	0	1	0	0	0	1	0	0	1	1	1	0	1	0
51577	1	1	0	0	1	0	1	0	1	0	1	1	1	1	1	0	1	1	0	1	1
51591	1	1	1	0	1	0	1	1	0	0	0	0	1	0	1	1	1	1	0	1	1
51592	0	1	1	0	1	1	1	0	1	1	0	1	1	0	1	1	1	1	1	1	1
51593	1	0	0	0	1	1	1	0	1	0	0	1	0	1	1	0	1	1	1	1	1
51595	1	1	0	0	1	0	1	0	1	0	0	1	1	0	1	0	1	1	0	1	1
51597	1	1	1	0	1	0	1	1	0	0	0	1	1	0	1	0	1	1	1	1	1
51598	1	1	1	0	1	1	1	1	1	1	1	1	1	0	1	0	1	1	0	1	0
51607	1	1	0	0	1	0	1	0	1	0	0	1	1	0	1	0	1	1	0	1	0
51611	1	1	0	0	1	0	1	0	1	0	0	0	0	0	1	0	1	1	0	1	0
51613	1	1	1	0	1	0	1	0	1	1	1	0	0	0	0	0	1	1	0	1	0
51624	1	0	0	0	1	1	1	0	1	0	0	1	0	1	1	0	1	1	0	1	1
51626	1	1	0	1	1	1	1	1	0	1	0	1	1	0	0	1	1	1	1	1	1
51632	1	1	0	0	1	0	1	0	1	0	0	1	1	0	1	0	1	1	1	1	1
51635	0	0	1	0	1	1	1	0	1	1	0	1	1	0	1	0	1	1	0	1	1
51639	1	0	1	0	1	0	1	0	0	1	0	1	0	0	1	0	1	1	0	1	1
51652	1	1	0	0	1	0	1	0	1	0	0	1	0	0	1	0	1	1	0	1	1
51653	1	1	0	0	1	0	1	0	1	0	0	0	0	0	0	0	1	1	0	1	0
51670	1	0	0	0	1	0	1	0	1	0	0	1	1	0	1	0	1	1	1	1	1
51674	1	1	0	0	1	0	1	0	1	0	0	1	1	0	1	0	1	1	0	1	0
51687	1	1	0	0	1	1	1	0	1	1	0	0	1	0	1	0	1	1	0	1	1
51688	1	0	0	0	1	1	1	0	1	1	0	1	0	0	1	0	1	1	0	1	1
51694	0	1	1	1	1	1	0	1	1	1	1	0	1	0	0	1	1	1	0	1	1
51705	1	1	0	0	1	0	1	0	1	0	0	1	1	1	1	0	1	1	1	1	1
51708	1	1	0	0	1	0	1	1	0	1	0	1	1	0	1	1	1	1	0	1	1
51710	1	1	0	1	1	0	1	0	1	0	0	1	1	1	1	0	1	1	0	1	0
51713	1	0	0	0	1	0	1	0	0	0	0	1	0	0	1	0	1	1	0	1	0
51720	1	1	1	0	1	0	1	0	1	0	0	0	0	0	1	0	1	1	0	1	1
51730	1	1	1	1	1	0	1	1	1	0	1	0	1	1	1	1	1	1	0	1	0
51732	1	1	1	0	1	1	1	0	1	1	0	1	0	1	1	0	1	1	0	1	1
51738	1	0	0	0	1	1	1	0	1	0	0	1	1	0	1	1	1	1	0	1	0
51751	1	1	1	0	1	0	0	1	0	1	0	0	1	0	1	1	1	1	1	1	1
51758	1	1	1	0	1	0	1	0	1	1	0	1	1	0	1	1	1	1	1	1	1
51768	1	0	0	0	1	1	1	0	1	0	0	0	0	1	1	0	1	1	1	1	1
51774	1	1	0	0	1	1	1	0	1	0	0	1	1	1	1	1	1	1	0	1	1
51775	1	1	0	0	1	1	1	0	1	0	0	0	0	1	0	1	1	1	0	1	0
51792	1	0	0	0	1	0	1	0	1	0	0	0	0	1	1	0	1	1	0	1	1
51795	0	1	1	0	1	0	1	0	1	0	0	1	0	0	1	0	1	1	0	1	0
51799	0	1	1	0	1	0	1	0	1	1	0	1	0	0	1	0	1	1	0	1	1
51801	1	0	1	1	1	0	1	0	1	1	0	1	0	1	1	0	1	1	0	1	1
51804	1	0	1	0	1	1	1	1	0	1	0	1	1	0	1	0	1	1	1	1	1
51805	1	1	0	1	1	0	0	1	1	0	1	1	0	0	0	1	1	1	0	0	0
51807	1	1	0	0	1	0	1	1	0	0	0	0	1	0	1	0	1	1	0	1	1
51808	1	0	1	0	1	1	1	0	1	1	0	1	0	1	1	1	1	1	1	1	1
51821	1	0	0	0	1	0	1	1	1	0	0	0	1	0	1	0	1	1	0	1	1
51826	1	1	1	0	1	0	0	1	1	0	1	0	1	0	0	1	1	1	0	1	1
51835	0	0	1	1	1	0	1	1	0	1	1	0	1	0	1	1	0	0	0	1	0
51837	0	1	1	1	0	0	0	1	0	1	1	0	1	0	1	1	1	1	0	1	0
51849	0	1	1	1	1	0	1	0	1	1	1	0	0	1	1	1	0	1	0	1	1
51857	1	1	1	0	1	0	1	1	0	0	1	1	1	0	1	0	0	1	1	1	1
51866	0	1	1	0	1	1	0	1	1	1	1	0	0	1	0	1	1	1	1	1	1
51881	0	1	1	1	1	1	0	0	1	1	1	0	1	1	1	1	1	1	0	1	0
51882	1	0	1	1	0	0	1	1	0	0	1	1	1	0	1	1	0	1	0	0	0
51883	1	1	1	0	1	0	1	0	1	0	0	0	1	0	1	0	1	1	0	1	1
51889	0	1	1	1	0	0	0	1	1	1	1	0	1	1	0	1	1	1	0	0	0
51896	1	0	0	0	1	1	1	0	1	0	0	1	0	1	1	0	1	1	1	1	1
51897	1	1	1	1	0	0	0	1	1	1	1	0	1	1	0	1	0	1	0	0	0
51901	1	0	1	1	1	0	1	0	1	1	1	1	0	1	1	0	1	1	0	1	0
51915	1	0	0	1	1	0	1	1	0	0	1	1	1	0	1	0	1	1	1	1	1
51918	1	1	1	0	1	0	0	1	1	1	1	0	1	0	0	1	1	1	0	1	1
51919	1	1	1	1	0	1	0	1	1	1	1	0	1	0	0	1	1	1	0	1	1
51922	1	1	1	0	1	0	1	0	1	0	0	1	1	0	1	0	1	1	1	1	1
51926	1	1	0	1	1	0	0	1	1	0	0	0	1	1	0	1	1	1	1	1	0
51929	1	0	1	1	1	1	1	0	1	0	0	1	0	1	1	1	1	1	0	1	1
51930	0	1	1	1	0	0	1	1	0	1	1	0	1	0	1	1	1	0	0	1	0
51945	0	1	1	1	1	1	1	1	0	1	1	1	1	0	1	1	1	1	0	1	1
51946	1	1	0	1	0	1	1	1	0	1	1	1	1	0	1	0	0	0	0	0	0
51949	1	1	1	1	1	0	1	1	0	1	1	1	1	0	1	1	0	1	0	1	0
51953	1	1	1	0	1	0	0	1	1	1	1	0	1	1	1	1	1	1	0	1	0
51957	1	0	1	0	1	0	1	1	0	0	1	0	1	0	1	1	1	1	1	1	0
51962	1	1	1	0	1	0	1	0	0	1	0	0	0	0	1	1	1	1	0	1	0
51982	1	1	0	0	1	0	1	0	1	0	0	1	1	1	1	0	1	1	0	1	1
51992	0	1	1	0	1	0	1	1	0	1	1	1	1	0	0	0	1	1	0	1	1
51996	1	1	0	0	1	0	0	1	1	0	0	0	1	1	0	1	1	1	1	1	0
52004	1	1	1	1	1	1	1	0	1	0	0	1	1	0	1	1	1	1	0	1	1
52012	1	0	0	0	1	0	1	0	1	0	0	1	0	1	1	0	1	1	0	1	1
52015	1	1	1	1	1	0	1	1	0	1	0	1	1	0	1	0	1	1	0	1	0
52018	1	1	1	1	0	0	0	1	1	1	1	0	1	1	0	1	1	1	0	0	0
52020	0	1	1	1	1	0	0	1	0	1	1	0	1	0	1	1	1	1	0	0	1
52029	1	1	1	0	1	0	1	0	1	0	0	1	0	0	1	0	1	1	0	1	1
52036	1	1	1	1	0	0	0	1	1	1	1	0	1	1	0	1	0	1	0	0	0
52045	0	1	1	1	1	0	0	0	1	1	1	1	1	1	1	1	1	1	0	1	0
52046	0	1	1	1	0	0	0	0	1	1	1	0	1	1	1	1	1	1	0	1	0
52049	0	1	1	1	0	0	0	1	1	1	1	0	1	0	0	1	1	1	0	0	0
52050	0	1	1	1	0	0	0	1	1	1	1	0	1	1	0	1	1	1	0	0	0
52051	1	1	1	1	0	0	0	1	1	1	1	0	1	1	0	1	1	1	0	1	0
52064	0	1	0	1	0	0	0	1	1	1	1	1	1	1	0	1	1	1	1	0	0
52077	1	1	1	1	0	0	0	1	1	1	1	0	1	1	0	1	1	1	0	0	0
52079	1	1	1	1	0	0	1	1	0	1	1	1	1	0	1	1	1	1	0	0	0
52087	1	1	1	1	0	0	1	0	1	1	1	1	1	1	1	1	0	1	0	0	0
52088	1	1	1	1	0	0	0	1	1	1	1	1	1	1	0	1	1	1	0	0	0
52102	0	1	1	1	0	0	1	1	0	1	1	1	1	0	1	1	0	1	0	0	0
52116	1	0	0	1	1	1	1	0	1	0	1	1	0	1	1	1	0	1	0	0	0
52118	1	1	0	1	0	0	0	1	1	1	1	0	1	1	0	1	1	1	0	0	0
52132	1	1	1	1	0	0	1	1	0	0	1	1	1	0	1	0	0	1	0	0	0
52138	0	1	1	1	0	0	1	1	1	0	1	1	1	0	1	1	0	1	0	0	0
52149	1	1	1	1	0	0	0	1	1	1	1	1	1	1	0	1	1	1	1	0	0
52157	0	1	1	1	0	1	0	1	1	1	1	0	1	0	0	1	0	1	0	1	0
52176	1	1	0	0	1	1	1	0	0	1	0	1	0	0	1	1	1	1	1	1	1
52184	1	1	1	1	0	0	1	0	1	0	1	1	1	0	1	0	0	1	1	0	0
52196	1	0	0	1	0	0	1	1	0	1	1	1	1	0	1	1	1	1	0	0	0
52197	1	1	1	1	0	0	1	1	0	0	0	0	1	0	1	0	0	1	0	0	0
52198	0	1	1	1	0	0	0	1	1	1	1	0	1	0	0	1	1	1	0	0	0
52202	0	1	1	1	0	0	1	1	0	1	1	0	1	0	1	0	0	1	0	0	0
52217	1	0	0	1	0	1	1	1	0	0	1	1	1	0	1	1	0	1	0	0	1
52225	0	1	1	1	0	0	1	1	0	0	1	0	1	0	1	1	0	1	0	1	0
52251	0	1	1	0	1	1	1	1	0	1	0	1	1	1	1	0	1	1	1	1	0
52252	0	1	1	1	0	0	0	1	1	1	1	0	1	1	0	1	0	1	0	0	0
52256	1	1	1	1	0	0	1	0	0	1	1	1	1	0	1	1	1	1	0	0	0
52282	0	1	1	1	0	0	0	1	1	1	1	0	1	1	0	1	1	1	0	0	0
52284	0	1	1	1	0	0	1	0	0	0	1	1	0	0	1	0	1	1	0	0	0
52289	0	1	1	1	0	0	1	1	0	0	1	0	1	0	1	1	0	1	0	0	0
52290	1	0	0	1	1	1	1	1	0	0	1	1	1	0	1	0	1	1	1	1	1
52305	1	1	1	1	0	0	1	0	1	1	1	0	1	0	1	0	0	1	0	0	0
52312	0	0	0	1	0	1	1	0	1	1	1	0	0	0	1	1	0	0	0	0	0
52316	0	1	1	1	0	0	0	1	0	1	1	0	1	0	1	1	0	1	0	0	1
52323	0	1	1	1	0	0	0	1	1	1	1	0	1	1	0	1	0	1	0	0	0
52327	0	1	1	1	0	1	1	0	1	1	1	1	1	0	1	0	0	1	1	0	0
52330	0	1	1	1	1	0	0	0	0	0	0	1	1	1	1	0	1	1	0	1	0
52337	0	1	0	1	1	1	1	0	1	0	1	1	0	1	1	1	0	0	1	0	1
52338	0	1	1	1	0	1	1	0	0	1	1	0	1	0	1	1	0	1	0	0	0
52339	1	1	1	0	1	0	1	0	1	1	0	0	0	0	1	1	1	1	0	1	0
52341	1	0	0	1	0	0	1	1	0	0	1	0	1	0	1	1	0	1	1	0	0
52343	1	0	0	1	0	1	1	0	1	0	1	1	1	1	1	0	0	1	1	0	0
52347	0	1	1	1	0	0	1	0	1	1	1	1	1	0	1	0	0	1	0	0	0
52356	1	1	0	1	1	1	1	0	1	0	1	1	1	0	1	1	0	1	0	1	1
52365	0	1	1	1	0	0	0	0	1	1	1	0	1	1	1	1	0	1	0	0	1
52368	1	0	0	1	1	1	1	0	1	1	0	1	0	1	1	1	1	1	1	1	1
52369	0	1	1	1	0	1	1	0	1	1	1	0	1	1	1	0	0	1	0	0	0
52371	1	0	0	1	0	1	1	0	1	0	1	1	1	1	1	0	1	1	1	0	1
52373	1	0	0	1	0	0	1	0	1	0	1	0	1	1	1	1	0	1	1	0	1
52374	1	0	1	1	0	1	1	0	1	1	1	0	0	0	1	1	0	1	0	0	0
52378	0	1	1	1	0	0	0	0	1	1	1	0	1	1	1	1	0	0	0	0	0
52396	0	1	1	1	0	0	1	0	1	1	1	0	1	0	1	1	0	1	0	0	0
52398	0	1	1	1	0	1	0	1	1	1	1	0	1	1	1	1	1	1	1	0	0
52420	0	1	0	0	1	1	0	1	0	0	0	0	1	0	1	0	1	1	1	1	1
52428	0	1	1	1	0	0	0	1	0	1	1	1	1	0	1	0	0	1	0	0	0
52434	1	1	0	0	1	0	1	0	0	0	0	1	0	1	1	0	1	1	0	1	1
52441	0	1	1	0	1	0	0	1	0	0	0	1	1	0	1	0	1	1	1	1	1
52444	0	0	1	1	1	0	1	1	0	1	1	0	1	0	1	1	1	1	1	1	0
52448	0	1	1	0	1	1	1	1	0	1	0	0	1	0	1	0	1	1	1	1	1
52451	1	1	1	1	0	0	1	1	0	1	1	1	1	0	0	0	0	1	1	0	1
52452	0	0	0	1	1	1	1	1	0	0	1	0	1	0	1	0	0	1	0	1	1
52458	1	1	1	0	1	0	1	0	1	0	0	0	1	0	1	0	1	1	1	1	1
52467	0	0	1	0	1	0	1	0	0	1	1	1	1	0	0	1	1	1	0	1	1
52472	1	1	1	0	1	1	1	0	0	1	0	1	1	0	1	0	1	1	1	1	1
52487	1	1	0	0	1	0	1	1	0	0	0	1	1	0	1	0	1	1	0	1	1
52488	1	0	1	1	0	1	1	1	0	1	1	0	0	0	1	0	0	1	0	0	1
52501	0	1	1	0	1	0	0	1	0	1	0	0	1	0	0	1	1	1	1	1	0
52502	1	1	1	0	1	0	0	0	0	1	0	0	1	0	0	1	1	1	0	1	0
52520	0	1	1	0	1	1	1	1	1	1	0	1	1	0	0	0	1	1	1	1	1
52521	0	1	1	0	1	0	1	1	0	1	0	1	1	0	1	0	1	1	1	1	1
52530	0	1	1	1	1	0	1	1	0	1	1	0	1	0	1	1	1	1	0	0	0
52533	1	1	0	1	1	0	0	1	0	1	1	0	1	0	1	1	1	1	0	1	1
52534	0	1	1	0	1	1	1	1	1	1	1	1	1	1	1	0	1	1	1	1	1
52541	0	1	1	0	1	0	1	1	1	0	0	0	1	0	1	0	1	1	0	1	1
52550	0	1	1	0	1	1	1	1	0	1	1	0	1	0	1	0	1	1	0	1	1
52551	1	1	1	0	1	0	1	0	0	1	0	0	0	0	1	0	1	1	0	1	0
52558	0	1	1	0	1	1	1	1	0	1	0	1	0	0	1	0	1	1	1	1	1
52562	0	1	1	0	1	1	0	1	0	0	0	0	1	0	1	0	1	1	1	1	1
52571	1	0	1	0	1	1	1	1	0	1	0	1	1	0	1	0	1	1	1	1	1
52578	1	1	0	0	1	0	1	0	1	0	0	1	0	0	1	0	1	1	1	1	1
52579	0	1	1	0	1	0	0	0	0	0	0	0	1	1	1	1	1	1	0	1	0
52584	1	1	1	1	1	1	1	1	0	1	1	1	1	0	1	0	1	1	0	1	1
52591	0	1	1	0	1	0	1	1	0	1	0	0	1	0	1	0	1	1	0	1	1
52593	1	1	1	1	0	0	1	0	1	1	1	1	0	1	1	0	0	1	0	1	0
52594	0	1	1	0	1	0	0	0	0	0	0	0	1	0	1	0	1	1	0	1	0
52596	0	1	1	1	1	1	1	1	0	1	1	0	1	0	1	1	1	1	0	1	1
52598	1	1	1	0	1	0	0	0	0	0	0	0	1	1	1	0	1	1	0	1	0
52614	0	1	1	0	1	0	1	1	0	1	0	0	1	0	1	0	1	1	0	1	1
52625	0	0	1	1	0	1	1	1	0	0	1	0	1	0	1	1	0	0	0	0	0
52626	1	1	1	1	1	0	1	1	1	0	0	0	1	0	1	1	1	1	0	1	0
52627	0	1	1	1	0	0	0	1	1	1	1	0	1	1	0	1	1	1	0	0	0
52628	1	1	1	0	1	0	1	0	1	0	0	1	0	0	1	0	1	1	1	1	1
52633	1	1	1	0	1	1	1	1	1	1	0	1	1	1	1	1	1	1	0	1	1
52635	0	1	1	0	1	0	1	1	0	1	0	0	1	0	1	0	1	1	0	1	1
52637	0	1	1	1	0	0	1	1	0	1	1	0	1	0	1	1	0	1	0	0	0
52645	0	1	1	1	1	0	1	0	0	0	0	1	1	0	1	0	1	1	1	1	1
52648	1	1	1	1	1	0	1	1	0	1	0	1	1	0	1	1	1	1	0	1	0
52658	1	1	0	1	1	0	1	0	0	0	0	1	0	0	1	0	1	1	0	1	1
52667	1	0	0	0	1	1	1	0	0	0	0	1	0	0	1	0	1	0	0	1	1
52679	1	1	0	1	1	1	1	0	0	1	1	0	0	0	1	1	1	1	0	1	1
52689	1	1	1	1	1	1	1	1	0	1	1	0	1	0	1	1	1	1	0	1	0
52703	1	1	0	0	1	0	0	0	1	0	0	0	1	0	0	0	1	1	0	1	0
52704	1	1	1	1	1	0	1	1	1	1	1	0	1	0	1	1	0	1	0	1	0
52706	1	0	1	1	1	0	1	1	0	0	0	1	0	0	1	0	1	1	0	1	1
52709	0	1	1	0	1	1	1	1	0	1	1	0	1	0	1	0	1	1	0	1	1
52716	1	1	1	0	1	1	1	1	0	0	0	0	0	0	1	0	1	1	1	1	1
52718	1	1	1	1	1	0	0	1	1	1	1	0	1	0	1	1	1	1	0	1	0
52731	1	1	1	0	1	1	1	0	1	1	0	1	0	1	1	0	1	1	1	1	1
52732	1	1	0	0	1	0	1	0	1	0	0	1	0	0	1	0	1	1	0	1	0
52738	1	1	0	0	1	0	1	0	0	0	0	0	1	0	1	0	1	1	0	1	1
52739	1	0	0	0	1	0	1	1	1	1	0	1	0	0	1	0	1	1	0	1	1
52742	1	1	0	0	0	0	1	0	0	1	0	0	0	0	0	0	1	1	0	1	0
52768	1	0	0	0	1	0	1	0	1	1	0	1	0	1	1	0	1	1	1	1	1
52777	1	1	1	1	1	0	1	0	1	1	0	1	1	0	1	1	1	1	0	1	0
52778	1	1	1	1	1	0	0	1	1	1	0	0	1	0	0	1	1	1	0	1	0
52782	0	1	1	1	1	0	1	1	0	1	1	0	1	0	1	1	1	1	0	1	1
52784	1	1	1	1	1	0	1	1	0	1	1	0	1	0	1	1	1	1	0	1	0
52802	1	1	1	1	1	0	1	1	1	1	1	0	1	0	1	1	1	1	1	1	0
52821	0	1	1	1	1	1	1	1	0	1	1	0	1	0	1	1	1	1	0	1	0
52822	1	1	1	1	1	0	0	1	1	1	1	0	1	0	0	1	1	1	0	1	0
52823	1	1	0	0	1	0	0	1	0	1	0	0	1	0	0	1	1	1	1	1	0
52826	1	1	1	1	1	0	1	0	1	1	1	0	1	0	1	1	1	1	0	1	0
52827	0	1	1	1	1	1	1	1	0	1	1	1	1	0	1	1	0	0	0	1	0
52828	1	1	1	1	0	0	1	1	0	1	1	0	1	0	0	1	0	1	0	1	1
52829	1	1	1	1	1	1	1	1	1	1	1	1	0	0	1	1	1	1	1	1	1
52833	1	0	0	1	0	1	1	0	1	0	1	0	1	0	1	0	0	1	0	0	0
52857	1	0	0	1	1	1	1	1	1	0	1	0	1	1	1	0	1	1	1	0	1
52859	1	0	1	1	1	0	1	1	1	1	1	1	1	0	1	1	0	1	0	1	0
52860	1	1	1	1	1	1	1	1	0	1	1	1	1	0	1	0	1	1	0	1	0
52866	1	1	1	1	1	1	1	1	0	1	1	1	1	0	1	1	0	1	0	0	1
52874	1	1	1	1	0	1	1	0	1	1	1	1	1	1	1	0	0	1	1	1	1
52895	1	1	1	0	1	1	1	1	0	1	0	1	1	0	1	0	1	1	0	1	1
61003	0	1	1	0	1	1	1	1	0	1	1	1	1	0	1	0	1	1	1	1	1
61018	0	1	1	1	0	0	0	1	0	1	1	0	1	0	1	1	1	0	0	0	0
61021	0	1	1	1	0	0	1	0	0	1	1	1	1	0	1	0	0	1	0	0	0
61031	1	0	0	1	1	0	1	1	0	1	0	0	1	0	1	0	1	1	0	1	1
61055	1	1	1	1	1	0	1	0	0	1	1	0	1	0	1	1	1	1	0	1	0
61071	1	1	1	0	1	0	1	1	0	0	0	0	0	0	1	1	1	1	0	1	1
61094	1	1	0	0	1	0	1	0	1	0	0	0	1	0	1	0	1	1	0	1	0
61096	1	0	0	0	1	1	1	1	0	1	0	1	1	0	1	0	1	1	1	1	1
61097	1	1	1	0	1	0	1	1	0	1	0	1	0	0	1	0	1	1	0	1	1
61098	1	1	1	1	1	1	1	0	1	1	1	1	1	0	1	1	1	1	1	1	0
61099	0	1	1	1	0	0	0	1	1	1	1	0	0	1	0	1	1	1	0	1	0
61101	1	0	0	1	1	1	1	0	0	1	0	1	0	0	1	0	1	1	0	1	1
