text_id	original_emotion	predicted_emotion
21	anger	surprise
23	anger	anger
26	anger	anger
30	anger	anger
39	anger	anger
47	anger	anger
60	anger	sadness
68	anger	anger
69	anger	anger
71	boredom	boredom
74	boredom	boredom
81	boredom	boredom
84	boredom	boredom
86	pride	joy
89	relief	relief
90	anger	anger
93	anger	disgust
96	guilt	guilt
99	guilt	disgust
213	anger	anger
220	boredom	boredom
224	boredom	boredom
228	boredom	boredom
230	boredom	boredom
249	disgust	anger
253	disgust	disgust
255	disgust	disgust
256	disgust	disgust
261	fear	fear
271	fear	pride
272	fear	pride
276	fear	fear
280	guilt	guilt
281	guilt	shame
287	joy	joy
289	joy	surprise
294	joy	pride
299	joy	sadness
313	anger	sadness
314	anger	sadness
315	anger	anger
323	anger	fear
340	anger	anger
347	anger	anger
348	anger	anger
349	anger	anger
352	anger	anger
358	anger	anger
363	anger	disgust
367	anger	anger
378	anger	anger
381	anger	fear
382	anger	anger
387	anger	anger
393	anger	anger
399	anger	sadness
410	anger	sadness
414	anger	fear
417	anger	anger
428	anger	anger
429	anger	fear
437	anger	anger
438	anger	anger
439	anger	shame
441	anger	anger
449	anger	anger
454	anger	boredom
458	anger	trust
466	anger	anger
468	anger	anger
476	anger	anger
479	anger	anger
481	anger	anger
494	anger	anger
495	anger	boredom
510	anger	surprise
517	anger	disgust
521	anger	anger
525	anger	anger
548	anger	anger
553	anger	anger
559	anger	anger
560	anger	sadness
562	anger	anger
564	anger	anger
583	anger	anger
588	anger	anger
589	anger	anger
594	anger	sadness
612	anger	disgust
614	anger	disgust
617	anger	shame
620	anger	anger
623	anger	anger
628	anger	anger
641	anger	shame
657	anger	boredom
670	anger	anger
678	anger	sadness
686	anger	relief
689	anger	anger
690	anger	anger
697	boredom	boredom
711	boredom	boredom
713	boredom	anger
720	boredom	boredom
726	boredom	boredom
734	boredom	boredom
736	boredom	boredom
740	boredom	boredom
743	boredom	boredom
744	boredom	boredom
745	disgust	fear
751	disgust	fear
762	fear	fear
764	fear	boredom
781	joy	surprise
783	joy	surprise
784	joy	joy
786	joy	joy
787	joy	joy
797	joy	pride
815	sadness	sadness
816	sadness	sadness
822	sadness	sadness
825	sadness	sadness
910	no-emotion	no-emotion
912	no-emotion	shame
915	no-emotion	no-emotion
916	surprise	surprise
922	trust	trust
923	trust	surprise
2105	joy	relief
2109	no-emotion	sadness
2115	no-emotion	no-emotion
2117	no-emotion	no-emotion
2118	no-emotion	no-emotion
2120	no-emotion	relief
2129	pride	pride
2134	pride	pride
2138	pride	pride
2142	pride	joy
2143	pride	joy
2144	relief	relief
2145	relief	pride
2158	relief	relief
2161	relief	relief
2163	sadness	sadness
2168	sadness	anger
2169	sadness	sadness
2172	sadness	sadness
2179	sadness	sadness
2180	shame	shame
2182	shame	anger
2187	shame	shame
2193	surprise	relief
2194	surprise	trust
2195	surprise	pride
2198	surprise	surprise
2210	trust	trust
2211	trust	trust
2212	trust	trust
2213	trust	trust
2218	trust	trust
2224	trust	trust
2225	trust	trust
2226	trust	trust
2227	trust	trust
2228	trust	trust
2230	trust	trust
2231	trust	trust
3107	anger	anger
3113	anger	anger
3117	anger	anger
3118	anger	anger
3131	boredom	boredom
3137	boredom	boredom
3138	boredom	boredom
3140	boredom	boredom
3143	boredom	boredom
3150	boredom	relief
3157	boredom	boredom
3159	boredom	boredom
3170	boredom	boredom
3187	boredom	boredom
3189	boredom	boredom
3192	boredom	boredom
3195	boredom	boredom
3207	boredom	boredom
3211	boredom	boredom
3214	boredom	boredom
3220	boredom	boredom
3223	boredom	guilt
3225	boredom	boredom
3231	boredom	boredom
3233	boredom	boredom
3237	boredom	boredom
3248	disgust	disgust
3254	disgust	disgust
3260	disgust	anger
3263	disgust	anger
3264	disgust	disgust
3267	disgust	disgust
3272	disgust	disgust
3274	disgust	disgust
3283	disgust	trust
3285	disgust	shame
3287	disgust	anger
3290	disgust	fear
3292	disgust	disgust
3302	disgust	joy
3315	disgust	anger
3319	disgust	disgust
3320	disgust	boredom
3321	disgust	disgust
3325	disgust	trust
3328	disgust	disgust
3338	disgust	disgust
3339	disgust	disgust
3344	disgust	disgust
3347	disgust	disgust
3348	disgust	surprise
3360	fear	fear
3361	fear	fear
3366	fear	fear
3370	fear	fear
3373	fear	shame
3378	fear	joy
3399	fear	fear
3401	fear	fear
3404	fear	fear
3414	fear	fear
3422	fear	fear
3423	fear	disgust
3426	fear	fear
3427	fear	fear
3431	fear	fear
3436	fear	fear
3437	fear	fear
3440	fear	shame
3442	fear	fear
3443	fear	fear
3450	fear	fear
3451	fear	boredom
3462	fear	fear
3467	fear	trust
3469	fear	fear
3474	fear	fear
3480	guilt	guilt
3481	guilt	disgust
3492	guilt	guilt
3493	guilt	shame
3498	guilt	sadness
3502	guilt	guilt
3514	guilt	guilt
3519	guilt	guilt
3522	guilt	guilt
3523	guilt	sadness
3525	guilt	guilt
3528	guilt	sadness
3533	guilt	guilt
3536	joy	surprise
3538	joy	pride
3542	joy	joy
3546	joy	surprise
3576	joy	surprise
3579	joy	fear
3584	joy	joy
3586	joy	fear
3587	joy	surprise
3589	joy	joy
3601	joy	joy
3603	joy	pride
3604	joy	joy
3605	joy	fear
3612	joy	joy
3615	joy	joy
3618	joy	surprise
3620	joy	pride
3639	joy	joy
3641	joy	pride
3644	joy	joy
3645	joy	relief
3647	joy	joy
3649	joy	pride
3651	joy	relief
3662	no-emotion	surprise
3672	no-emotion	no-emotion
3676	no-emotion	no-emotion
3686	no-emotion	no-emotion
3687	no-emotion	joy
3697	no-emotion	no-emotion
3701	no-emotion	sadness
3704	no-emotion	no-emotion
3706	no-emotion	sadness
3708	no-emotion	no-emotion
3709	no-emotion	no-emotion
3710	no-emotion	no-emotion
3712	no-emotion	disgust
3725	no-emotion	trust
3726	no-emotion	no-emotion
3733	no-emotion	boredom
3734	no-emotion	sadness
3737	no-emotion	sadness
3748	no-emotion	no-emotion
3773	no-emotion	boredom
3779	pride	pride
3797	pride	joy
3804	pride	pride
3811	pride	pride
3816	pride	pride
3819	pride	pride
3827	pride	pride
3830	pride	pride
3833	pride	anger
3836	pride	trust
3850	pride	pride
3857	pride	guilt
3859	pride	pride
3864	pride	trust
3866	pride	trust
3868	pride	pride
3873	pride	pride
3882	pride	relief
3884	pride	pride
3887	pride	pride
3890	relief	relief
3893	relief	relief
3919	relief	relief
3923	relief	relief
3926	relief	relief
3934	relief	relief
3936	relief	pride
3937	relief	relief
3942	relief	relief
3944	relief	relief
3948	relief	relief
3964	relief	relief
3966	relief	sadness
3969	relief	relief
3973	relief	relief
3975	relief	pride
3983	relief	relief
3991	relief	pride
3998	relief	relief
4117	anger	shame
4146	anger	sadness
4150	anger	surprise
4151	anger	fear
4155	anger	sadness
4163	boredom	boredom
4165	boredom	joy
4170	boredom	no-emotion
4174	boredom	boredom
4213	boredom	boredom
4215	boredom	boredom
4217	boredom	boredom
4254	boredom	boredom
4269	boredom	no-emotion
4281	boredom	boredom
4288	boredom	boredom
4290	boredom	boredom
4304	boredom	boredom
4306	boredom	boredom
4317	boredom	boredom
4327	disgust	anger
4337	disgust	disgust
4343	disgust	shame
4348	disgust	sadness
4364	disgust	fear
4387	disgust	anger
4400	disgust	disgust
4408	disgust	shame
4410	disgust	anger
4431	disgust	disgust
4454	disgust	disgust
4461	disgust	sadness
4475	disgust	anger
4490	fear	fear
4496	fear	shame
4497	fear	joy
4504	fear	fear
4510	fear	disgust
4517	fear	fear
4519	fear	fear
4538	fear	fear
4539	fear	relief
4571	fear	shame
4573	fear	anger
4579	fear	fear
4582	fear	fear
4583	fear	disgust
4592	fear	fear
4594	fear	anger
4600	fear	fear
4609	fear	fear
4633	fear	sadness
4636	fear	anger
4639	fear	sadness
4649	guilt	guilt
4655	guilt	shame
4659	guilt	shame
4666	guilt	shame
4671	guilt	guilt
4692	guilt	guilt
4706	guilt	shame
4745	joy	joy
4759	joy	pride
4763	joy	joy
4768	joy	joy
4773	joy	trust
4778	joy	relief
4780	joy	trust
4802	joy	pride
4804	joy	pride
4814	joy	relief
4817	joy	joy
4821	joy	pride
4842	joy	pride
4868	joy	pride
4874	joy	joy
4904	no-emotion	fear
4925	no-emotion	sadness
4928	no-emotion	no-emotion
4929	no-emotion	boredom
4930	no-emotion	surprise
4940	no-emotion	no-emotion
4943	no-emotion	sadness
4976	no-emotion	sadness
4981	no-emotion	no-emotion
4987	no-emotion	pride
5103	anger	sadness
5105	anger	boredom
5109	anger	sadness
5123	anger	sadness
5130	anger	anger
5145	anger	anger
5149	anger	anger
5158	anger	anger
5166	anger	sadness
5189	anger	anger
5206	anger	anger
5208	anger	relief
5210	anger	sadness
5225	anger	anger
5238	anger	sadness
5240	boredom	boredom
5243	boredom	boredom
5247	boredom	boredom
5254	boredom	no-emotion
5257	boredom	boredom
5263	boredom	boredom
5276	boredom	boredom
5284	boredom	boredom
5298	boredom	boredom
5306	boredom	boredom
5307	boredom	boredom
5329	boredom	boredom
5339	boredom	boredom
5341	boredom	boredom
5356	boredom	boredom
5361	boredom	boredom
5371	boredom	boredom
5382	boredom	boredom
5388	boredom	anger
5389	boredom	boredom
5413	boredom	boredom
5420	boredom	boredom
5454	boredom	boredom
5456	boredom	boredom
5471	boredom	boredom
5481	boredom	boredom
5502	disgust	disgust
5515	disgust	disgust
5517	disgust	anger
5524	disgust	anger
5538	disgust	sadness
5546	disgust	anger
5550	disgust	disgust
5556	disgust	disgust
5561	disgust	guilt
5567	disgust	disgust
5568	disgust	sadness
5572	disgust	disgust
5575	disgust	disgust
5577	disgust	disgust
5580	disgust	disgust
5600	disgust	disgust
5601	disgust	trust
5603	disgust	trust
5605	disgust	disgust
5609	disgust	fear
5627	disgust	disgust
5629	disgust	disgust
5632	disgust	anger
5639	disgust	disgust
5641	disgust	anger
5642	disgust	anger
5653	disgust	fear
5654	disgust	disgust
5658	disgust	disgust
5661	disgust	anger
5680	disgust	disgust
5684	disgust	anger
5688	disgust	disgust
5689	disgust	disgust
5691	disgust	anger
5700	disgust	disgust
5704	disgust	disgust
5705	disgust	disgust
5720	disgust	disgust
5725	fear	anger
5727	fear	fear
5730	fear	fear
5734	fear	fear
5752	fear	shame
5753	fear	sadness
5754	fear	anger
5766	fear	anger
5769	fear	fear
5773	fear	sadness
5774	fear	fear
5796	fear	fear
5798	fear	joy
5802	fear	shame
5810	fear	fear
5813	fear	fear
5830	fear	fear
5841	fear	fear
5848	fear	fear
5856	fear	fear
5873	fear	fear
5880	fear	fear
5892	fear	fear
5901	fear	sadness
5914	fear	relief
5916	fear	shame
5920	fear	anger
5929	fear	fear
5931	fear	fear
5936	fear	shame
5951	fear	fear
5953	fear	fear
5955	fear	fear
5964	fear	fear
5981	guilt	relief
5986	guilt	guilt
5996	guilt	guilt
6101	boredom	boredom
6106	boredom	boredom
6110	boredom	boredom
6122	boredom	boredom
6124	boredom	boredom
6135	boredom	joy
6143	boredom	boredom
6144	boredom	boredom
6154	boredom	boredom
6156	boredom	boredom
6161	boredom	boredom
6162	boredom	boredom
6170	boredom	boredom
6174	boredom	boredom
6178	boredom	boredom
6181	boredom	boredom
6192	boredom	boredom
6204	boredom	boredom
6210	boredom	boredom
6218	disgust	shame
6221	disgust	anger
6224	disgust	sadness
6228	disgust	disgust
6235	disgust	disgust
6249	disgust	disgust
6258	disgust	sadness
6277	disgust	disgust
6281	disgust	disgust
6283	disgust	disgust
6288	disgust	disgust
6290	disgust	disgust
6294	disgust	disgust
6304	disgust	disgust
6306	disgust	anger
6307	disgust	disgust
6308	disgust	disgust
6315	fear	sadness
6320	fear	guilt
6324	fear	boredom
6329	fear	fear
6333	fear	sadness
6337	fear	joy
6339	fear	fear
6364	fear	fear
6366	fear	sadness
6370	fear	relief
6374	fear	fear
6375	fear	fear
6389	fear	fear
6392	guilt	guilt
6397	guilt	guilt
6403	guilt	shame
6407	guilt	guilt
6418	guilt	relief
6422	guilt	trust
6423	guilt	joy
6424	guilt	guilt
6436	joy	pride
6440	joy	joy
6443	joy	surprise
6450	joy	surprise
6468	joy	joy
6472	joy	relief
6492	joy	joy
6499	joy	pride
6502	joy	relief
6508	joy	joy
6519	joy	joy
6524	joy	joy
6535	no-emotion	anger
6537	no-emotion	surprise
6546	no-emotion	boredom
6565	no-emotion	no-emotion
6573	no-emotion	fear
6575	no-emotion	sadness
6579	no-emotion	relief
6582	no-emotion	boredom
6590	no-emotion	joy
6595	no-emotion	sadness
6598	no-emotion	boredom
6602	no-emotion	joy
6603	no-emotion	boredom
6609	no-emotion	sadness
6613	no-emotion	no-emotion
6619	no-emotion	no-emotion
6625	no-emotion	relief
6629	no-emotion	no-emotion
6630	no-emotion	no-emotion
6649	pride	surprise
6652	pride	pride
6696	pride	pride
6716	pride	pride
6717	pride	pride
6720	pride	trust
6728	pride	pride
6729	pride	sadness
6732	pride	pride
6736	relief	relief
6752	relief	relief
6761	relief	trust
6768	relief	relief
6773	relief	relief
6779	relief	relief
6789	relief	relief
6796	relief	relief
6799	relief	relief
6801	relief	pride
6804	relief	relief
6808	relief	relief
6810	relief	relief
6815	relief	relief
6829	sadness	sadness
6831	sadness	sadness
6835	sadness	sadness
6836	sadness	sadness
6848	sadness	sadness
6852	sadness	sadness
6864	sadness	anger
6869	sadness	anger
6879	sadness	anger
6885	sadness	sadness
6899	sadness	sadness
6906	sadness	anger
6907	sadness	trust
6915	sadness	sadness
6916	sadness	sadness
6920	sadness	sadness
6928	sadness	sadness
6933	sadness	sadness
6938	shame	guilt
6944	shame	sadness
6950	shame	guilt
6953	shame	guilt
6954	shame	shame
6957	shame	shame
6968	surprise	anger
6981	surprise	anger
6987	surprise	surprise
6989	surprise	pride
6992	surprise	surprise
6997	surprise	joy
7100	no-emotion	sadness
7113	pride	relief
7118	pride	trust
7125	pride	pride
7128	pride	pride
7134	pride	trust
7135	pride	pride
7143	relief	no-emotion
7144	relief	pride
7146	sadness	anger
7147	sadness	disgust
7157	sadness	sadness
7160	sadness	sadness
7161	sadness	sadness
7164	sadness	sadness
7175	sadness	anger
7179	sadness	sadness
7180	sadness	anger
7187	sadness	sadness
7192	sadness	sadness
7193	sadness	sadness
7198	surprise	pride
7200	surprise	disgust
7204	trust	trust
31009	sadness	sadness
31015	sadness	sadness
31021	sadness	trust
31029	sadness	sadness
31034	sadness	sadness
31056	sadness	sadness
31060	sadness	sadness
31062	sadness	sadness
31067	sadness	sadness
31070	sadness	sadness
31077	sadness	surprise
31083	sadness	sadness
31089	sadness	sadness
31098	sadness	sadness
31114	sadness	sadness
31116	sadness	sadness
31118	sadness	sadness
31124	shame	shame
31129	shame	shame
31141	shame	shame
31143	shame	disgust
31145	shame	shame
31146	shame	shame
31147	shame	shame
31154	shame	shame
31174	shame	shame
31177	shame	guilt
31179	shame	shame
31180	surprise	anger
31181	surprise	joy
31183	surprise	surprise
31203	surprise	relief
31207	surprise	surprise
31220	surprise	surprise
31227	surprise	surprise
31233	surprise	anger
31234	surprise	relief
31240	surprise	surprise
31269	surprise	pride
31280	surprise	surprise
31285	surprise	surprise
31286	surprise	surprise
31292	surprise	surprise
31304	trust	trust
31307	trust	trust
31313	trust	trust
31317	trust	trust
31330	trust	trust
31332	trust	trust
31338	trust	trust
31340	trust	pride
31346	trust	pride
31347	trust	trust
31360	trust	trust
31361	trust	trust
31378	trust	trust
31382	trust	surprise
31387	trust	relief
31390	trust	trust
31398	trust	trust
31415	trust	trust
31421	trust	trust
41006	no-emotion	no-emotion
41007	no-emotion	no-emotion
41013	no-emotion	boredom
41017	no-emotion	no-emotion
41018	no-emotion	boredom
41020	no-emotion	no-emotion
41023	no-emotion	no-emotion
41045	no-emotion	no-emotion
41049	no-emotion	surprise
41051	no-emotion	boredom
41052	pride	pride
41058	pride	relief
41082	pride	pride
41097	pride	trust
41102	pride	pride
41109	pride	pride
41111	pride	pride
41128	pride	pride
41142	pride	pride
41167	pride	pride
41201	pride	relief
41202	pride	pride
41208	pride	pride
41209	pride	pride
41210	pride	pride
41220	relief	trust
41225	relief	relief
41228	relief	relief
41236	relief	pride
41239	relief	relief
41251	relief	relief
41260	relief	relief
41262	relief	relief
41271	relief	relief
41278	relief	trust
41287	relief	no-emotion
41296	relief	relief
41299	relief	pride
41311	relief	relief
41319	relief	surprise
41343	relief	surprise
41348	relief	relief
41349	relief	relief
41352	relief	relief
41360	relief	relief
41363	relief	relief
41377	sadness	sadness
41378	sadness	sadness
41397	sadness	relief
41402	sadness	pride
41407	sadness	guilt
41415	sadness	sadness
41425	sadness	relief
41448	sadness	sadness
41479	sadness	sadness
41481	sadness	sadness
41503	sadness	surprise
41507	sadness	sadness
41515	sadness	relief
41529	sadness	shame
41548	shame	shame
41581	shame	anger
41583	shame	trust
41586	shame	anger
41589	shame	shame
41600	shame	shame
41606	shame	guilt
41607	shame	guilt
41621	surprise	surprise
41628	surprise	surprise
41629	surprise	pride
41630	surprise	surprise
41632	surprise	relief
41641	surprise	surprise
41642	surprise	surprise
41648	surprise	surprise
41651	surprise	sadness
41654	surprise	pride
41658	surprise	surprise
41660	surprise	surprise
41661	surprise	surprise
41664	surprise	surprise
41671	surprise	pride
41674	surprise	surprise
41681	surprise	surprise
41688	surprise	trust
41693	surprise	surprise
41722	surprise	pride
41744	surprise	sadness
41759	surprise	sadness
41760	surprise	trust
41763	surprise	trust
41769	surprise	pride
41778	trust	trust
41779	trust	trust
41780	trust	trust
41789	trust	fear
41791	trust	trust
41794	trust	trust
41795	trust	pride
41801	trust	trust
41814	trust	trust
41826	trust	relief
41830	trust	trust
41835	trust	trust
41840	trust	trust
41844	trust	trust
41847	trust	pride
41857	trust	trust
41862	trust	trust
41871	trust	trust
41872	trust	relief
41882	trust	pride
41895	trust	surprise
41912	trust	trust
51005	guilt	sadness
51014	guilt	shame
51017	guilt	trust
51023	guilt	guilt
51041	guilt	sadness
51047	guilt	shame
51051	guilt	guilt
51053	guilt	sadness
51054	guilt	pride
51061	guilt	shame
51065	guilt	shame
51067	guilt	guilt
51081	guilt	sadness
51082	guilt	sadness
51085	guilt	sadness
51092	joy	shame
51096	joy	pride
51111	joy	joy
51131	joy	joy
51136	joy	joy
51139	joy	joy
51145	joy	joy
51153	joy	joy
51176	joy	guilt
51178	joy	surprise
51184	joy	joy
51185	joy	pride
51208	joy	pride
51227	joy	pride
51231	joy	pride
51236	joy	joy
51240	joy	surprise
51241	joy	relief
51249	joy	trust
51258	joy	joy
51259	joy	joy
51263	joy	relief
51268	joy	pride
51275	joy	relief
51276	joy	relief
51278	joy	joy
51281	joy	no-emotion
51285	joy	surprise
51287	joy	pride
51289	joy	relief
51292	joy	pride
51294	joy	joy
51300	joy	fear
51302	joy	joy
51324	joy	fear
51328	joy	relief
51329	joy	relief
51346	no-emotion	pride
51353	no-emotion	no-emotion
51355	no-emotion	sadness
51390	no-emotion	no-emotion
51394	no-emotion	boredom
51395	no-emotion	no-emotion
51414	no-emotion	sadness
51415	no-emotion	surprise
51416	no-emotion	sadness
51435	no-emotion	fear
51436	no-emotion	no-emotion
51441	no-emotion	boredom
51442	no-emotion	no-emotion
51445	no-emotion	no-emotion
51454	no-emotion	guilt
51458	no-emotion	guilt
51465	no-emotion	anger
51472	no-emotion	no-emotion
51474	no-emotion	sadness
51479	no-emotion	fear
51484	no-emotion	sadness
51487	no-emotion	boredom
51503	no-emotion	no-emotion
51515	no-emotion	sadness
51524	no-emotion	sadness
51530	no-emotion	trust
51531	no-emotion	no-emotion
51534	no-emotion	pride
51539	no-emotion	no-emotion
51541	no-emotion	joy
51556	no-emotion	no-emotion
51562	no-emotion	no-emotion
51575	pride	relief
51577	pride	pride
51591	pride	surprise
51592	pride	pride
51593	pride	pride
51595	pride	pride
51597	pride	pride
51598	pride	pride
51607	pride	pride
51611	pride	trust
51613	pride	fear
51624	pride	pride
51626	pride	trust
51632	pride	pride
51635	pride	pride
51639	pride	pride
51652	pride	pride
51653	pride	joy
51670	pride	pride
51674	pride	pride
51687	pride	joy
51688	pride	pride
51694	pride	pride
51705	pride	pride
51708	pride	pride
51710	pride	pride
51713	pride	joy
51720	pride	pride
51730	pride	pride
51732	pride	pride
51738	pride	pride
51751	pride	joy
51758	pride	sadness
51768	pride	relief
51774	pride	pride
51775	pride	joy
51792	pride	pride
51795	pride	pride
51799	pride	pride
51801	pride	pride
51804	pride	pride
51805	pride	sadness
51807	pride	shame
51808	pride	pride
51821	relief	pride
51826	relief	relief
51835	relief	relief
51837	relief	relief
51849	relief	relief
51857	relief	relief
51866	relief	relief
51881	relief	relief
51882	relief	sadness
51883	relief	relief
51889	relief	relief
51896	relief	relief
51897	relief	sadness
51901	relief	relief
51915	relief	sadness
51918	relief	relief
51919	relief	relief
51922	relief	pride
51926	relief	fear
51929	relief	pride
51930	relief	relief
51945	relief	relief
51946	relief	relief
51949	relief	relief
51953	relief	relief
51957	relief	relief
51962	relief	joy
51982	relief	relief
51992	relief	surprise
51996	relief	relief
52004	relief	surprise
52012	relief	relief
52015	relief	relief
52018	relief	relief
52020	relief	relief
52029	relief	pride
52036	relief	relief
52045	relief	relief
52046	relief	relief
52049	sadness	sadness
52050	sadness	sadness
52051	sadness	sadness
52064	sadness	sadness
52077	sadness	sadness
52079	sadness	sadness
52087	sadness	sadness
52088	sadness	sadness
52102	sadness	sadness
52116	sadness	boredom
52118	sadness	sadness
52132	sadness	sadness
52138	sadness	sadness
52149	sadness	sadness
52157	sadness	sadness
52176	sadness	boredom
52184	sadness	sadness
52196	sadness	sadness
52197	sadness	sadness
52198	sadness	sadness
52202	sadness	sadness
52217	sadness	relief
52225	sadness	sadness
52251	sadness	surprise
52252	sadness	fear
52256	sadness	sadness
52282	sadness	sadness
52284	sadness	sadness
52289	sadness	sadness
52290	sadness	sadness
52305	shame	shame
52312	shame	shame
52316	shame	shame
52323	shame	fear
52327	shame	shame
52330	shame	joy
52337	shame	guilt
52338	shame	shame
52339	shame	trust
52341	shame	sadness
52343	shame	sadness
52347	shame	shame
52356	shame	shame
52365	shame	anger
52368	shame	relief
52369	shame	shame
52371	shame	relief
52373	shame	shame
52374	shame	shame
52378	shame	shame
52396	shame	shame
52398	shame	disgust
52420	surprise	surprise
52428	surprise	sadness
52434	surprise	pride
52441	surprise	surprise
52444	surprise	surprise
52448	surprise	surprise
52451	surprise	surprise
52452	surprise	no-emotion
52458	surprise	surprise
52467	surprise	surprise
52472	surprise	pride
52487	surprise	surprise
52488	surprise	anger
52501	surprise	surprise
52502	surprise	joy
52520	surprise	surprise
52521	surprise	surprise
52530	surprise	sadness
52533	surprise	joy
52534	surprise	surprise
52541	surprise	surprise
52550	surprise	surprise
52551	surprise	pride
52558	surprise	joy
52562	surprise	surprise
52571	surprise	surprise
52578	surprise	relief
52579	surprise	surprise
52584	surprise	trust
52591	surprise	surprise
52593	surprise	pride
52594	surprise	surprise
52596	surprise	surprise
52598	surprise	surprise
52614	surprise	surprise
52625	surprise	anger
52626	surprise	relief
52627	surprise	sadness
52628	surprise	pride
52633	surprise	pride
52635	surprise	surprise
52637	surprise	sadness
52645	surprise	relief
52648	surprise	surprise
52658	trust	trust
52667	trust	trust
52679	trust	pride
52689	trust	trust
52703	trust	joy
52704	trust	trust
52706	trust	trust
52709	trust	trust
52716	trust	trust
52718	trust	trust
52731	trust	trust
52732	trust	joy
52738	trust	trust
52739	trust	pride
52742	trust	joy
52768	trust	pride
52777	trust	trust
52778	trust	trust
52782	trust	trust
52784	trust	trust
52802	trust	trust
52821	trust	trust
52822	trust	trust
52823	trust	trust
52826	trust	trust
52827	trust	trust
52828	trust	anger
52829	trust	trust
52833	trust	trust
52857	trust	no-emotion
52859	trust	trust
52860	trust	trust
52866	trust	trust
52874	trust	fear
52895	trust	surprise
61003	surprise	surprise
61018	surprise	fear
61021	surprise	sadness
61031	trust	trust
61055	trust	trust
61071	trust	trust
61094	trust	sadness
61096	trust	trust
61097	trust	joy
61098	trust	trust
61099	trust	trust
61101	trust	trust
