dimension,type,kappa,status
suddenness,appraisal,0.491083,UNSTABLE
familiarity,appraisal,0.386853,UNSTABLE
predict_event,appraisal,0.349371,UNSTABLE
pleasantness,appraisal,0.742769,ACCEPTABLE
unpleasantness,appraisal,0.715385,ACCEPTABLE
goal_relevance,appraisal,0.375800,UNSTABLE
chance_responsblt,appraisal,0.358256,UNSTABLE
self_responsblt,appraisal,0.583195,WEAK
other_responsblt,appraisal,0.561086,WEAK
predict_conseq,appraisal,0.226549,UNSTABLE
goal_support,appraisal,0.567415,WEAK
urgency,appraisal,0.266696,UNSTABLE
self_control,appraisal,0.419304,UNSTABLE
other_control,appraisal,0.434677,UNSTABLE
chance_control,appraisal,0.344859,UNSTABLE
accept_conseq,appraisal,0.091476,UNSTABLE
standards,appraisal,0.487642,UNSTABLE
social_norms,appraisal,0.539025,WEAK
attention,appraisal,0.237642,UNSTABLE
not_consider,appraisal,0.491379,UNSTABLE
effort,appraisal,0.357488,UNSTABLE
emotion,emotion,0.474607,UNSTABLE
